player_id,first_name,second_name,player_name,club_name,position_name,extracted_at,total_points,event_points,now_cost,selected_by_percent,minutes,goals_scored,assists,clean_sheets,goals_conceded,own_goals,penalties_saved,penalties_missed,yellow_cards,red_cards,saves,bonus,bps,influence,creativity,threat,ict_index,form,dreamteam_count,value_form,value_season,points_per_game,transfers_in,transfers_out,transfers_in_event,transfers_out_event,cost_change_start,cost_change_start_fall,cost_change_event,cost_change_event_fall,expected_assists,expected_goals,expected_goal_involvements,expected_goals_conceded,starts,tackles,clearances_blocks_interceptions,recoveries,defensive_contribution,defensive_contribution_per_90,news,influence_rank,influence_rank_type,creativity_rank,creativity_rank_type,threat_rank,threat_rank_type,ict_index_rank,ict_index_rank_type,corners_and_indirect_freekicks_order,corners_and_indirect_freekicks_text,direct_freekicks_order,direct_freekicks_text,penalties_order,penalties_text,expected_goals_per_90,saves_per_90,expected_assists_per_90,expected_goal_involvements_per_90,expected_goals_conceded_per_90,goals_conceded_per_90,now_cost_rank,now_cost_rank_type,form_rank,form_rank_type,points_per_game_rank,points_per_game_rank_type,selected_rank,selected_rank_type,starts_per_90,clean_sheets_per_90
124,Pascal,Groß,Pascal Groß,Brighton,MID,2026-09-28 14:56:10.205677+00:00,47,14,5.8,28.7,450,3,4,3,5,0,0,0,2,0,0,9,166,211.0,216.0,84.0,50.8,11.2,3,1.9,8.1,9.4,2127460,540742,766967,10959,0.3,-0.3,0.1,-0.1,0.86,1.77,2.63,8.67,5,7,9,10,26,5.2,,1,1,2,2,43,26,3,3,1.0,,1.0,,1.0,,0.35,0.0,0.17,0.52,1.73,1.0,95,61,1,1,2,2,8,4,1.0,0.6
229,James,Tarkowski,James Tarkowski,Everton,DEF,2026-09-28 14:56:10.205677+00:00,43,14,6.1,16.3,450,1,1,3,3,0,0,0,0,0,0,7,138,149.6,25.6,30.0,20.5,8.3,2,1.4,7.0,8.6,923932,282407,213124,18821,0.1,-0.1,0.0,0.0,0.04,0.18,0.22,6.94,5,11,40,18,51,10.2,,17,3,195,62,154,45,84,23,,,,,,,0.04,0.0,0.01,0.05,1.39,0.6,59,5,6,2,3,1,25,8,1.0,0.6
330,Jayden,Bogle,Jayden Bogle,Leeds,DEF,2026-09-28 14:56:10.205677+00:00,42,5,4.6,7.1,365,2,0,4,1,0,0,0,2,0,0,6,122,108.8,34.6,119.0,26.2,9.0,2,2.0,9.1,8.4,644751,82946,118178,23738,0.1,-0.1,0.0,0.0,0.08,1.38,1.46,2.89,5,5,11,11,16,3.95,,59,25,171,51,23,1,46,5,,,,,,,0.34,0.0,0.02,0.36,0.71,0.25,426,82,2,1,4,2,53,20,1.23,0.99
94,Kevin,Schade,Kevin Schade,Brentford,MID,2026-09-28 14:56:10.205677+00:00,39,9,6.2,11.4,447,3,2,2,4,0,0,0,0,0,0,6,138,146.2,48.0,160.0,35.4,9.0,1,1.5,6.3,7.8,996020,242658,376165,22654,0.2,-0.2,0.1,-0.1,0.32,1.52,1.84,6.32,5,7,6,21,34,6.85,,20,11,126,84,7,3,19,15,,,,,2.0,,0.31,0.0,0.06,0.37,1.27,0.81,58,41,3,2,6,3,36,15,1.01,0.4
411,Erling,Haaland,Erling Haaland,Man City,FWD,2026-09-28 14:56:10.205677+00:00,39,6,15.6,73.8,450,5,0,2,5,0,0,0,0,0,0,9,167,184.2,22.5,258.0,46.5,8.0,2,0.5,2.5,7.8,919157,320131,73880,18473,0.1,-0.1,0.0,0.0,0.53,4.42,4.95,7.25,5,0,10,10,20,4.0,,3,1,209,23,1,1,5,1,,,,,1.0,,0.88,0.0,0.11,0.99,1.45,1.0,1,1,7,1,7,2,1,1,1.0,0.4
115,Maxim,De Cuyper,Maxim De Cuyper,Brighton,DEF,2026-09-28 14:56:10.205677+00:00,38,6,5.0,27.7,423,1,3,3,5,0,0,0,2,0,0,5,132,108.4,171.8,57.0,33.8,5.2,2,1.0,7.6,7.6,2708062,404660,289723,19629,0.5,-0.5,0.1,-0.1,0.67,1.55,2.22,8.58,5,8,8,18,16,3.4,,61,26,8,1,79,12,22,1,2.0,,4.0,,,,0.33,0.0,0.14,0.47,1.83,1.06,288,48,40,20,8,3,10,2,1.06,0.64
391,Joško,Gvardiol,Joško Gvardiol,Man City,DEF,2026-09-28 14:56:10.205677+00:00,37,4,5.7,26.8,434,1,3,2,5,0,0,0,1,0,0,6,135,144.4,63.5,32.0,24.0,7.7,0,1.4,6.5,7.4,1822831,410409,140799,50193,0.2,-0.2,0.0,0.0,0.74,0.22,0.96,7.25,5,11,20,21,31,6.43,,26,8,88,17,148,43,57,10,,,,,,,0.05,0.0,0.15,0.2,1.5,1.04,114,12,9,4,9,4,11,3,1.04,0.41
572,Konstantinos,Tzolakis,Konstantinos Tzolakis,Hull City,GKP,2026-09-28 14:56:10.205677+00:00,34,6,4.7,12.8,450,0,0,3,4,0,1,0,1,0,17,6,129,150.0,0.0,0.0,15.0,4.7,2,1.0,7.2,6.8,992473,215839,121145,20189,0.2,-0.2,0.1,-0.1,0.0,0.0,0.0,7.4,5,1,2,69,0,0.0,,16,2,546,54,507,52,141,3,,,,,,,0.0,3.4,0.0,0.0,1.48,0.8,423,22,53,6,13,1,31,5,1.0,0.6
399,Rayan,Cherki,Rayan Cherki,Man City,MID,2026-09-28 14:56:10.205677+00:00,34,8,7.8,28.4,302,3,2,1,4,0,0,0,1,0,0,5,150,165.8,199.0,108.0,47.3,4.0,1,0.5,4.4,6.8,2662541,951514,115380,84569,0.3,-0.3,0.0,0.0,1.54,0.72,2.26,5.0,4,0,3,9,12,3.58,,6,3,4,4,30,17,4,4,1.0,,1.0,,,,0.21,0.0,0.46,0.67,1.49,1.19,13,9,82,32,14,5,9,5,1.19,0.3
397,Antoine,Semenyo,Antoine Semenyo,Man City,MID,2026-09-28 14:56:10.205677+00:00,33,17,8.4,15.4,450,2,3,2,5,0,0,0,0,0,0,2,147,155.4,148.1,130.0,43.4,8.7,1,1.0,3.9,6.6,313874,1201612,122971,58912,-0.1,0.1,0.0,0.0,1.16,0.33,1.49,7.25,5,6,2,14,22,4.4,Ankle injury - 75% chance of playing,14,9,15,14,16,9,10,9,,,,,2.0,,0.07,0.0,0.23,0.3,1.45,1.0,6,4,4,3,15,6,28,10,1.0,0.4
379,Alexander,Isak,Alexander Isak,Liverpool,FWD,2026-09-28 14:56:10.205677+00:00,33,8,9.1,22.5,413,4,0,3,4,0,0,0,1,0,0,8,133,146.2,47.5,207.0,40.0,7.7,1,0.8,3.6,6.6,1239873,731905,112711,71936,0.1,-0.1,0.0,0.0,0.08,3.54,3.62,5.82,5,1,3,3,7,1.53,Thigh injury - 75% chance of playing,21,3,128,11,4,3,12,2,,,,,2.0,,0.77,0.0,0.02,0.79,1.27,0.87,5,2,10,2,16,3,15,4,1.09,0.65
165,João Pedro,Junqueira de Jesus,João Pedro João Pedro,Chelsea,FWD,2026-09-28 14:56:10.205677+00:00,33,0,7.7,65.2,360,3,3,0,9,1,0,0,1,0,0,7,141,158.4,90.0,123.0,37.0,5.5,2,0.7,4.3,8.2,1572932,1453131,58191,380635,0.2,-0.2,-0.1,0.1,0.19,2.17,2.36,6.17,4,1,3,5,9,2.25,Knee injury - 75% chance of playing,10,2,49,1,21,10,15,3,,,,,,,0.54,0.0,0.05,0.59,1.54,2.25,16,5,34,5,5,1,2,2,1.0,0.0
504,Luka,Vušković,Luka Vuskovic,Brighton,DEF,2026-09-28 14:56:10.205677+00:00,32,8,5.0,3.6,437,1,0,3,5,0,0,0,0,0,0,2,98,128.2,18.0,72.0,21.8,6.5,1,1.3,6.4,6.4,256108,137144,53008,12332,0.0,0.0,0.0,0.0,0.07,0.46,0.53,8.45,5,6,37,17,43,8.86,,34,14,223,76,58,6,75,17,,,,,,,0.09,0.0,0.01,0.1,1.74,1.03,328,57,20,10,17,7,91,35,1.03,0.62
12,Bukayo,Saka,Bukayo Saka,Arsenal,MID,2026-09-28 14:56:10.205677+00:00,32,2,9.5,13.7,416,3,0,3,4,0,0,0,0,0,0,4,137,155.6,125.6,240.0,52.1,5.8,0,0.6,3.4,6.4,780651,394756,101029,44905,0.0,0.0,0.0,0.0,0.98,3.22,4.2,3.58,5,6,8,17,31,6.71,,13,8,26,24,2,1,2,2,2.0,,2.0,,1.0,,0.7,0.0,0.21,0.91,0.77,0.87,4,3,29,10,19,8,30,11,1.08,0.65
367,Cody,Gakpo,Cody Gakpo,Liverpool,MID,2026-09-28 14:56:10.205677+00:00,32,3,7.2,12.5,370,1,3,2,4,0,0,0,0,0,0,5,113,133.4,148.8,70.0,35.2,5.0,2,0.7,4.4,6.4,1336893,706653,50481,79056,0.2,-0.2,0.0,0.0,1.71,0.64,2.35,5.51,4,8,9,15,32,7.78,Ankle injury - 75% chance of playing,28,12,14,13,63,38,20,16,3.0,,,,3.0,,0.16,0.0,0.42,0.58,1.34,0.97,23,15,47,15,18,7,33,12,0.97,0.49
286,Mohamed,Belloumi,Mohamed Belloumi,Hull City,MID,2026-09-28 14:56:10.205677+00:00,31,4,5.1,5.1,394,2,2,3,3,0,0,0,1,0,0,2,111,157.8,67.5,100.0,32.5,7.3,1,1.4,6.1,6.2,502442,83399,72506,23361,0.1,-0.1,0.0,0.0,0.43,0.72,1.15,6.44,5,16,14,14,44,10.05,,11,7,83,60,34,19,25,18,2.0,,2.0,,,,0.16,0.0,0.1,0.26,1.47,0.69,239,150,11,4,21,9,74,26,1.14,0.69
426,Bruno,Borges Fernandes,Bruno B.Fernandes,Man Utd,MID,2026-09-28 14:56:10.205677+00:00,31,2,11.9,38.5,450,3,1,0,8,0,0,0,0,0,0,3,148,187.0,241.7,117.0,54.6,7.2,1,0.6,2.6,6.2,651576,1842862,39976,189912,-0.1,0.1,-0.1,0.1,1.32,2.56,3.88,6.8,5,5,3,21,29,5.8,,2,2,1,1,25,13,1,1,1.0,,1.0,,1.0,,0.51,0.0,0.26,0.77,1.36,1.6,2,1,13,5,24,11,6,2,1.0,0.0
449,Lewis,Hall,Lewis Hall,Newcastle,DEF,2026-09-28 14:56:10.205677+00:00,31,13,5.3,17.2,449,1,1,1,9,0,0,0,0,0,0,6,127,175.6,89.0,38.0,30.2,7.0,2,1.3,5.8,6.2,1650594,346375,237092,18542,0.3,-0.3,0.1,-0.1,0.79,0.25,1.04,9.12,5,13,33,38,46,9.22,,4,1,52,9,129,36,33,4,1.0,,1.0,,,,0.05,0.0,0.16,0.21,1.83,1.8,230,32,15,7,22,9,23,7,1.0,0.2
68,Marcus,Tavernier,Marcus Tavernier,Bournemouth,MID,2026-09-28 14:56:10.205677+00:00,31,2,6.1,6.7,424,3,0,0,8,0,0,0,2,0,0,8,153,161.8,146.1,147.0,45.5,6.7,1,1.1,5.1,6.2,689349,216134,78156,41410,0.1,-0.1,0.0,0.0,0.92,1.7,2.62,6.54,5,11,5,26,42,8.92,,8,5,18,17,11,6,6,5,1.0,,1.0,,3.0,,0.36,0.0,0.2,0.56,1.39,1.7,61,42,19,6,23,10,58,18,1.06,0.0
388,Marc,Guéhi,Marc Guéhi,Man City,DEF,2026-09-28 14:56:10.205677+00:00,30,4,6.0,18.2,450,1,1,2,5,0,0,0,0,0,0,4,114,146.0,56.6,41.0,24.3,6.0,0,1.0,5.0,6.0,504481,460218,22561,48242,0.0,0.0,0.0,0.0,0.39,0.95,1.34,7.25,5,3,26,19,29,5.8,,22,5,101,24,121,31,55,9,,,,,,,0.19,0.0,0.08,0.27,1.45,1.0,66,6,23,12,31,13,21,6,1.0,0.4
69,Alex,Scott,Alex Scott,Bournemouth,MID,2026-09-28 14:56:10.205677+00:00,30,2,6.1,5.8,446,1,2,1,7,0,0,0,1,0,0,5,129,102.8,146.4,56.0,30.5,5.3,1,0.9,4.9,6.0,546502,207163,22599,36987,0.1,-0.1,0.0,0.0,0.42,0.64,1.06,6.82,5,9,15,36,60,12.11,,76,23,17,16,84,50,32,23,2.0,,4.0,,,,0.13,0.0,0.08,0.21,1.38,1.41,64,45,38,12,34,16,66,21,1.01,0.2
1,David,Raya Martín,David Raya,Arsenal,GKP,2026-09-28 14:56:10.205677+00:00,30,1,6.1,42.3,450,0,0,3,4,0,1,0,0,0,9,3,104,104.6,0.2,0.0,10.6,6.0,1,1.0,4.9,6.0,962119,637533,121720,45129,0.1,-0.1,0.1,-0.1,0.01,0.0,0.01,4.03,5,1,6,58,0,0.0,,70,13,389,5,657,73,202,13,,,,,,,0.0,1.8,0.0,0.0,0.81,0.8,60,1,24,2,32,2,4,1,1.0,0.6
40,Morgan,Rogers,Morgan Rogers,Chelsea,MID,2026-09-28 14:56:10.205677+00:00,29,2,7.7,40.5,437,3,1,0,12,0,0,0,1,0,0,2,135,159.0,140.1,140.0,43.9,5.2,0,0.7,3.8,5.8,2468171,659003,138748,67316,0.2,-0.2,0.0,0.0,1.23,1.72,2.95,8.73,5,5,3,23,31,6.38,,9,6,21,20,15,8,9,8,4.0,,3.0,,,,0.35,0.0,0.25,0.6,1.8,2.47,15,10,44,14,37,18,5,1,1.03,0.0
15,Martin,Ødegaard,Martin Ødegaard,Arsenal,MID,2026-09-28 14:56:10.205677+00:00,29,2,6.8,19.8,377,2,0,3,4,0,0,0,0,0,0,6,137,121.8,166.9,73.0,36.2,4.5,1,0.7,4.3,5.8,1628042,544121,72322,84672,0.3,-0.3,0.0,0.0,1.32,1.08,2.4,3.23,5,6,5,12,23,5.49,,40,14,10,9,57,35,17,13,,,4.0,,3.0,,0.26,0.0,0.32,0.58,0.77,0.95,31,20,56,21,36,17,18,8,1.19,0.72
8,Riccardo,Calafiori,Riccardo Calafiori,Arsenal,DEF,2026-09-28 14:56:10.205677+00:00,29,1,5.8,50.5,416,0,2,3,4,0,0,0,0,0,0,2,76,71.6,52.7,66.0,19.1,5.0,1,0.9,5.0,5.8,1652416,399241,72408,60734,0.3,-0.3,0.0,0.0,0.62,0.67,1.29,3.76,5,6,12,13,18,3.89,,129,57,110,29,67,8,97,30,,,,,,,0.14,0.0,0.13,0.27,0.81,0.87,106,11,46,22,35,14,3,1,1.08,0.65
453,Harvey,Barnes,Harvey Barnes,Newcastle,MID,2026-09-28 14:56:10.205677+00:00,28,9,6.1,5.6,450,1,3,1,9,0,0,0,0,0,0,3,105,105.2,80.9,96.0,28.2,6.5,1,1.1,4.6,5.6,622445,148016,151342,16108,0.1,-0.1,0.1,-0.1,0.48,0.62,1.1,9.14,5,3,14,16,33,6.6,,67,22,62,51,39,22,39,28,3.0,,,,,,0.12,0.0,0.1,0.22,1.83,1.8,62,43,21,7,41,20,70,24,1.0,0.2
138,Charalampos,Kostoulas,Charalampos Kostoulas,Brighton,FWD,2026-09-28 14:56:10.205677+00:00,28,10,5.6,4.0,353,2,3,2,5,0,0,0,1,0,0,3,105,95.8,39.1,127.0,26.1,6.8,1,1.2,5.0,5.6,403313,49847,298622,17337,0.1,-0.1,0.1,-0.1,0.06,1.35,1.41,7.67,4,4,5,18,27,6.88,,83,7,160,17,17,8,47,8,,,,,,,0.34,0.0,0.02,0.36,1.96,1.27,123,32,17,3,40,4,83,11,1.02,0.51
98,Vitaly,Janelt,Vitaly Janelt,Brentford,MID,2026-09-28 14:56:10.205677+00:00,28,3,5.0,2.5,450,2,0,2,4,0,0,0,3,0,0,3,109,164.0,97.5,47.0,30.9,4.8,1,1.0,5.6,5.6,305685,106167,18625,17076,0.0,0.0,0.0,0.0,0.44,0.53,0.97,6.32,5,17,27,20,64,12.8,,7,4,42,35,100,55,31,22,3.0,,,,,,0.11,0.0,0.09,0.2,1.26,0.8,258,161,50,17,38,19,113,35,1.0,0.4
385,James,Trafford,James Trafford,Leeds,GKP,2026-09-28 14:56:10.205677+00:00,28,10,5.0,5.5,450,0,0,2,3,0,0,0,0,0,20,5,117,148.6,0.0,0.0,14.9,4.8,0,1.0,5.6,5.6,262672,158302,20701,13957,0.0,0.0,0.0,0.0,0.0,0.0,0.0,6.46,5,0,6,55,0,0.0,,18,3,599,67,575,66,143,4,,,,,,,0.0,4.0,0.0,0.0,1.29,0.6,277,11,51,5,39,3,71,10,1.0,0.4
154,Cole,Palmer,Cole Palmer,Chelsea,MID,2026-09-28 14:56:10.205677+00:00,28,2,9.7,25.7,442,2,2,0,12,0,0,0,1,0,0,3,148,151.0,145.3,144.0,44.1,3.8,1,0.4,2.9,5.6,1949691,653162,46315,157856,0.2,-0.2,0.0,0.0,0.79,1.31,2.1,8.73,5,7,3,19,29,5.9,Muscular injury - 75% chance of playing,15,10,19,18,13,7,8,7,,,2.0,,1.0,,0.27,0.0,0.16,0.43,1.78,2.44,3,2,85,34,43,22,12,6,1.02,0.0
480,Morgan,Gibbs-White,Morgan Gibbs-White,Nott'm Forest,MID,2026-09-28 14:56:10.205677+00:00,28,2,8.0,15.7,450,1,2,1,5,0,0,0,0,0,0,6,116,123.4,204.7,78.0,40.6,4.3,1,0.5,3.5,5.6,1205423,661109,61741,78415,0.0,0.0,0.0,0.0,1.42,1.56,2.98,4.77,5,5,2,14,21,4.2,,39,13,3,3,51,31,11,10,,,1.0,,1.0,,0.31,0.0,0.28,0.59,0.95,1.0,7,5,61,22,42,21,27,9,1.0,0.2
279,Semi,Ajayi,Semi Ajayi,Hull City,DEF,2026-09-28 14:56:10.205677+00:00,27,1,4.2,14.0,423,1,0,3,4,0,0,0,1,0,0,2,79,85.6,4.2,51.0,14.1,2.3,1,0.5,6.4,5.4,1353303,306950,41918,56448,0.2,-0.2,0.0,0.0,0.01,0.66,0.67,6.43,5,6,21,16,27,5.74,,106,48,311,109,90,16,157,54,,,,,,,0.14,0.0,0.0,0.14,1.37,0.85,584,159,166,63,45,16,29,10,1.06,0.64
334,Tarik,Muharemović,Tarik Muharemović,Leeds,DEF,2026-09-28 14:56:10.205677+00:00,27,6,5.0,4.3,450,0,1,2,3,0,0,0,0,0,0,0,101,147.4,13.6,41.0,20.2,5.2,0,1.0,5.4,5.4,297076,170685,25791,21801,0.0,0.0,0.0,0.0,0.05,0.49,0.54,6.46,5,5,53,16,58,11.6,,19,4,255,92,119,30,86,25,,,,,,,0.1,0.0,0.01,0.11,1.29,0.6,313,54,41,21,47,18,79,31,1.0,0.4
350,Alisson,Becker,Alisson A.Becker,Liverpool,GKP,2026-09-28 14:56:10.205677+00:00,27,8,5.5,4.1,450,0,0,3,4,0,0,0,1,0,14,5,96,99.2,0.0,0.0,9.9,8.3,0,1.5,4.9,5.4,145262,144578,11944,11054,0.0,0.0,0.0,0.0,0.0,0.0,0.0,6.12,5,0,10,47,0,0.0,,79,15,641,72,628,71,211,16,,,,,,,0.0,2.8,0.0,0.0,1.22,0.8,126,3,5,1,48,4,82,13,1.0,0.6
230,Jarrad,Branthwaite,Jarrad Branthwaite,Everton,DEF,2026-09-28 14:56:10.205677+00:00,27,8,5.5,2.4,450,0,0,3,3,0,0,0,0,0,0,0,97,145.4,7.2,73.0,22.5,5.7,0,1.0,4.9,5.4,138682,70930,18510,6465,0.0,0.0,0.0,0.0,0.02,0.17,0.19,6.94,5,5,49,14,54,10.8,,23,6,288,105,56,5,65,12,,,,,,,0.03,0.0,0.0,0.03,1.39,0.6,153,17,32,17,49,19,119,46,1.0,0.6
335,Anton,Stach,Anton Stach,Leeds,MID,2026-09-28 14:56:10.205677+00:00,27,5,6.0,2.5,447,1,0,3,2,0,0,0,0,0,0,3,86,116.4,93.3,55.0,26.5,3.5,1,0.6,4.5,5.4,201862,163448,4519,18715,0.0,0.0,0.0,0.0,0.31,0.97,1.28,6.17,5,13,27,21,61,12.28,,47,17,45,38,87,52,45,34,1.0,,1.0,,,,0.2,0.0,0.06,0.26,1.24,0.4,72,49,99,39,50,23,116,36,1.01,0.6
233,Vitalii,Mykolenko,Vitalii Mykolenko,Everton,DEF,2026-09-28 14:56:10.205677+00:00,27,5,4.6,4.2,450,0,0,3,3,0,0,0,1,0,0,3,109,105.6,35.7,13.0,15.5,5.7,1,1.2,5.9,5.4,411346,113764,40154,17311,0.1,-0.1,0.1,-0.1,0.16,0.04,0.2,6.94,5,14,25,30,39,7.8,,66,30,169,49,231,77,132,44,,,,,,,0.01,0.0,0.03,0.04,1.39,0.6,425,81,31,16,46,17,80,32,1.0,0.6
277,John,Egan,John Egan,Hull City,DEF,2026-09-28 14:56:10.205677+00:00,26,1,4.1,7.0,437,0,0,3,4,0,0,0,1,0,0,1,71,110.8,1.3,21.0,13.4,3.0,0,0.7,6.3,5.2,749206,214820,26047,27899,0.1,-0.1,0.0,0.0,0.0,0.05,0.05,7.27,5,9,50,12,59,12.15,,56,23,348,127,178,54,163,57,,,,,,,0.01,0.0,0.0,0.01,1.5,0.82,585,160,117,48,51,20,54,21,1.03,0.62
332,James,Justin,James Justin,Leeds,DEF,2026-09-28 14:56:10.205677+00:00,26,8,4.5,1.5,450,0,0,2,3,0,0,0,0,0,0,4,91,103.6,56.1,41.0,20.0,4.0,0,0.9,5.8,5.2,121179,70397,3907,5484,0.0,0.0,0.0,0.0,0.42,0.22,0.64,6.46,5,16,28,14,44,8.8,,74,34,102,25,118,29,88,27,,,,,,,0.04,0.0,0.08,0.12,1.29,0.6,455,100,70,29,52,21,154,62,1.0,0.4
316,Emersonn,Correia da Silva,Emersonn Emersonn,Ipswich Town,FWD,2026-09-28 14:56:10.205677+00:00,26,2,5.5,3.5,317,2,1,0,6,0,0,0,0,0,0,6,110,98.8,50.4,104.0,25.3,4.2,1,0.8,4.7,5.2,315679,141389,31981,22115,0.0,0.0,0.0,0.0,0.12,1.61,1.73,4.29,5,3,3,4,10,2.84,,80,6,117,10,32,13,52,9,,,,,2.0,,0.46,0.0,0.03,0.49,1.22,1.7,157,39,63,7,54,5,96,14,1.42,0.0
428,Matheus,Santos Carneiro da Cunha,Matheus Cunha,Man Utd,MID,2026-09-28 14:56:10.205677+00:00,26,10,7.9,5.8,407,1,2,1,5,0,0,0,0,0,0,4,95,73.0,111.5,114.0,30.0,6.0,0,0.8,3.3,5.2,93690,508633,19944,20602,-0.1,0.1,0.0,0.0,0.83,0.63,1.46,5.44,5,3,1,9,13,2.87,,126,41,35,30,27,14,34,24,,,,,,,0.14,0.0,0.18,0.32,1.2,1.11,10,7,25,8,55,24,67,22,1.11,0.22
305,Leif,Davis,Leif Davis,Ipswich Town,DEF,2026-09-28 14:56:10.205677+00:00,25,2,4.0,6.9,450,2,2,0,11,0,0,0,0,0,0,1,52,144.8,61.9,117.0,32.5,5.8,1,1.4,6.2,5.0,367919,183432,47716,25816,0.0,0.0,0.0,0.0,0.46,1.59,2.05,8.98,5,2,22,10,24,4.8,,25,7,91,20,24,2,24,2,,,2.0,,,,0.32,0.0,0.09,0.41,1.8,2.2,624,180,26,13,56,23,56,22,1.0,0.0
586,Nobel,Mendy,Nobel Mendy,Hull City,DEF,2026-09-28 14:56:10.205677+00:00,25,0,4.1,6.3,249,1,0,2,1,0,0,0,0,0,0,1,69,108.2,1.4,54.0,16.4,3.0,1,0.7,6.1,6.2,682880,357666,6588,32683,0.1,-0.1,0.0,0.0,0.0,0.32,0.32,4.02,4,7,32,6,39,14.1,,63,27,346,125,88,15,117,38,,,,,,,0.12,0.0,0.0,0.12,1.45,0.36,586,161,118,49,20,8,61,25,1.45,0.72
356,Virgil,van Dijk,Virgil Virgil,Liverpool,DEF,2026-09-28 14:56:10.205677+00:00,25,8,6.5,16.2,450,0,0,3,4,0,0,0,1,0,0,0,96,125.0,22.3,26.0,17.4,7.3,0,1.1,3.8,5.0,276794,614253,19778,41620,0.0,0.0,0.0,0.0,0.08,0.25,0.33,6.12,5,5,43,18,48,9.6,,36,15,214,71,164,49,114,37,,,,,,,0.05,0.0,0.02,0.07,1.22,0.8,34,2,12,5,58,24,26,9,1.0,0.6
427,Bryan,Mbeumo,Bryan Mbeumo,Man Utd,MID,2026-09-28 14:56:10.205677+00:00,25,2,7.9,20.6,450,2,1,0,8,0,0,0,1,0,0,3,110,120.8,164.2,156.0,44.2,5.8,0,0.7,3.2,5.0,460724,2011385,33745,124886,-0.1,0.1,0.0,0.0,0.8,3.07,3.87,6.8,5,5,7,14,26,5.2,,42,15,11,10,9,5,7,6,2.0,,2.0,,2.0,,0.61,0.0,0.16,0.77,1.36,1.6,11,8,28,9,59,25,17,7,1.0,0.0
4,Gabriel,dos Santos Magalhães,Gabriel Gabriel,Arsenal,DEF,2026-09-28 14:56:10.205677+00:00,25,1,8.0,22.7,450,0,0,3,4,0,0,0,2,0,0,2,90,94.8,22.0,84.0,20.0,5.0,0,0.6,3.1,5.0,233199,906868,22956,63977,0.0,0.0,0.0,0.0,0.2,0.51,0.71,4.03,5,6,35,17,41,8.2,,86,38,216,72,44,3,89,28,,,,,,,0.1,0.0,0.04,0.14,0.81,0.8,8,1,48,23,60,25,14,4,1.0,0.6
226,Jordan,Pickford,Jordan Pickford,Everton,GKP,2026-09-28 14:56:10.205677+00:00,25,8,5.5,9.1,450,0,0,3,3,0,0,0,0,0,15,1,121,119.2,0.0,0.0,12.0,5.0,0,0.9,4.5,5.0,294927,234623,27410,14504,0.0,0.0,0.0,0.0,0.02,0.0,0.02,6.94,5,0,7,53,0,0.0,,45,7,640,71,627,70,181,7,,,,,,,0.0,3.0,0.0,0.0,1.39,0.6,125,2,45,4,57,5,40,7,1.0,0.6
112,Jan Paul,van Hecke,Jan Paul Van Hecke,Spurs,DEF,2026-09-28 14:56:10.205677+00:00,24,6,4.9,6.5,450,1,0,2,8,0,0,0,1,0,0,2,85,171.8,74.9,70.0,31.6,5.8,0,1.2,4.9,4.8,153538,471818,17369,26423,-0.1,0.1,0.0,0.0,0.42,0.69,1.11,7.78,5,10,33,17,43,8.6,,5,2,67,11,62,7,27,3,,,,,,,0.14,0.0,0.08,0.22,1.56,1.6,375,68,27,14,64,29,60,24,1.0,0.4
173,Bobby,Thomas,Bobby Thomas,Coventry City,DEF,2026-09-28 14:56:10.205677+00:00,24,9,4.0,8.6,437,0,0,2,9,0,0,0,0,0,0,3,78,94.8,33.7,56.0,18.4,4.3,0,1.1,6.0,4.8,362063,282476,24629,29452,0.0,0.0,0.0,0.0,0.3,0.49,0.79,8.09,5,3,49,16,52,10.71,,85,37,173,53,81,13,104,34,,,,,,,0.1,0.0,0.06,0.16,1.67,1.85,625,181,57,24,62,27,45,16,1.03,0.41
268,Josh,King,Josh King,Fulham,MID,2026-09-28 14:56:10.205677+00:00,24,2,5.5,2.6,425,2,0,2,7,0,0,0,1,0,0,3,109,111.4,67.2,179.0,35.8,4.2,0,0.8,4.4,4.8,325007,95365,80872,16797,0.0,0.0,0.0,0.0,0.46,1.54,2.0,8.29,5,7,5,16,28,5.93,,55,19,84,61,5,2,18,14,,,,,,,0.33,0.0,0.1,0.43,1.76,1.48,163,102,64,23,67,27,111,34,1.06,0.42
362,Jeremy,Jacquet,Jeremy Jacquet,Liverpool,DEF,2026-09-28 14:56:10.205677+00:00,24,6,5.0,3.5,415,0,0,3,4,0,0,0,1,0,0,3,112,106.2,44.5,4.0,15.5,6.7,0,1.3,4.8,4.8,229505,122525,31623,12492,0.0,0.0,0.0,0.0,0.14,0.0,0.14,5.51,5,11,25,21,36,7.81,,65,29,139,37,310,114,134,45,,,,,,,0.0,0.0,0.03,0.03,1.19,0.87,324,56,18,9,66,30,97,37,1.08,0.65
204,Tyrick,Mitchell,Tyrick Mitchell,Crystal Palace,DEF,2026-09-28 14:56:10.205677+00:00,24,7,4.5,6.0,419,2,0,1,10,0,0,0,0,0,0,3,68,128.2,67.9,62.0,25.8,7.7,1,1.7,5.3,4.8,309636,263549,13101,15147,0.0,0.0,0.0,0.0,0.26,0.77,1.03,8.34,5,11,14,23,25,5.37,,32,12,81,15,69,9,49,6,,,,,,,0.17,0.0,0.06,0.23,1.79,2.15,467,108,8,3,63,28,63,26,1.07,0.21
552,Brian,Brobbey,Brian Brobbey,Sunderland,FWD,2026-09-28 14:56:10.205677+00:00,24,17,5.7,7.0,399,3,0,1,9,0,0,0,1,0,0,3,113,108.4,69.0,142.0,31.7,5.5,1,1.0,4.2,4.8,283949,926963,192491,40791,-0.3,0.3,-0.1,0.1,0.11,2.94,3.05,8.18,5,0,1,10,11,2.48,Hamstring injury - 75% chance of playing,62,4,77,6,14,7,26,6,,,,,,,0.66,0.0,0.02,0.68,1.85,2.03,113,29,33,4,68,6,55,9,1.13,0.23
282,Ryan,Giles,Ryan Giles,Hull City,DEF,2026-09-28 14:56:10.205677+00:00,24,0,4.0,2.9,444,0,1,3,4,0,0,0,1,0,0,2,94,82.8,132.5,6.0,22.2,4.0,0,1.0,6.0,4.8,277349,65429,20532,13138,0.0,0.0,0.0,0.0,0.43,0.02,0.45,7.33,5,5,19,14,24,4.86,,112,51,24,2,282,99,70,14,3.0,,1.0,,,,0.0,0.0,0.09,0.09,1.49,0.81,613,174,67,27,61,26,106,40,1.01,0.61
127,Diego,Gómez Amarilla,Diego Gomez,Brighton,MID,2026-09-28 14:56:10.205677+00:00,24,8,5.0,4.0,433,0,3,3,5,0,0,0,0,0,0,0,80,84.2,103.4,126.0,31.4,4.5,0,0.9,4.8,4.8,334234,298814,11727,37183,0.0,0.0,0.0,0.0,0.78,0.79,1.57,8.49,5,13,7,16,36,7.48,,108,33,40,33,18,10,28,19,,,5.0,,,,0.16,0.0,0.16,0.32,1.76,1.04,309,185,55,20,65,26,85,29,1.04,0.62
472,Murillo,Costa dos Santos,Murillo Murillo,Nott'm Forest,DEF,2026-09-28 14:56:10.205677+00:00,23,4,5.5,2.1,449,0,1,1,5,0,0,0,1,0,0,0,76,124.2,62.6,27.0,21.4,6.0,0,1.1,4.2,4.6,103233,60888,7736,7627,0.0,0.0,0.0,0.0,0.37,0.42,0.79,4.77,5,9,44,18,53,10.62,,38,17,89,18,160,48,80,21,,,2.0,,,,0.08,0.0,0.07,0.15,0.96,1.0,162,18,22,11,72,33,125,50,1.0,0.2
109,Bart,Verbruggen,Bart Verbruggen,Brighton,GKP,2026-09-28 14:56:10.205677+00:00,23,6,4.5,21.6,450,0,0,3,5,0,0,0,0,0,12,0,107,113.8,3.0,0.0,11.7,4.2,0,0.9,5.1,4.6,762359,604539,68884,68685,0.0,0.0,0.0,0.0,0.2,0.0,0.2,8.67,5,0,3,34,0,0.0,,52,10,321,4,457,48,185,8,,,,,,,0.0,2.4,0.04,0.04,1.73,1.0,484,40,62,8,70,6,16,2,1.0,0.6
88,Michael,Kayode,Michael Kayode,Brentford,DEF,2026-09-28 14:56:10.205677+00:00,23,6,4.6,7.6,294,1,0,2,1,0,0,0,0,0,0,1,72,63.8,32.9,56.0,15.3,2.5,1,0.5,5.0,4.6,595046,366511,12348,20277,0.1,-0.1,0.0,0.0,0.43,0.55,0.98,3.24,4,2,14,14,16,4.9,,151,65,175,54,82,14,137,46,,,,,,,0.17,0.0,0.13,0.3,0.99,0.31,427,83,155,61,71,32,50,19,1.22,0.61
237,Iliman,Ndiaye,Iliman Ndiaye,Man City,MID,2026-09-28 14:56:10.205677+00:00,22,5,5.8,6.7,385,0,2,2,4,0,0,0,0,0,0,1,110,77.8,102.6,80.0,26.1,3.0,0,0.5,3.8,4.4,297484,1134144,6615,66141,-0.2,0.2,-0.1,0.1,0.58,0.38,0.96,9.42,4,8,10,26,44,10.29,,116,37,41,34,48,30,48,35,,,,,,,0.09,0.0,0.14,0.23,2.2,0.94,103,66,132,53,78,32,59,19,0.94,0.47
579,Ronald,Araujo,Ronald Araujo,Liverpool,DEF,2026-09-28 14:56:10.205677+00:00,22,7,5.4,3.0,284,0,0,3,0,0,0,0,1,0,0,1,81,60.8,10.5,6.0,7.7,7.0,0,1.3,4.1,4.4,147681,159632,15765,9943,-0.1,0.1,0.0,0.0,0.06,0.0,0.06,2.75,3,5,19,15,24,7.61,,162,69,275,99,290,103,239,89,,,,,,,0.0,0.0,0.02,0.02,0.87,0.0,193,25,16,8,74,34,103,38,0.95,0.95
565,Mamadou,Sangaré,Mamadou M.Sangaré,Brentford,MID,2026-09-28 14:56:10.205677+00:00,22,0,5.6,9.9,321,0,2,1,3,0,0,0,2,0,0,3,76,76.4,57.8,40.0,17.1,2.0,1,0.4,3.9,4.4,1227386,817319,8098,135430,0.1,-0.1,-0.1,0.1,0.65,0.41,1.06,4.31,4,14,12,22,48,13.46,,120,39,99,68,123,68,115,61,,,,,,,0.11,0.0,0.18,0.29,1.21,0.84,122,78,201,89,77,31,38,16,1.12,0.28
86,Keane,Lewis-Potter,Keane Lewis-Potter,Brentford,MID,2026-09-28 14:56:10.205677+00:00,22,3,5.5,1.7,406,1,1,2,4,0,0,0,0,0,0,3,85,113.6,109.3,73.0,29.5,3.0,0,0.5,4.0,4.4,190208,119946,3563,11565,0.0,0.0,0.0,0.0,0.79,1.21,2.0,5.69,5,6,17,15,38,8.42,,53,18,36,31,55,34,35,25,5.0,,1.0,,,,0.27,0.0,0.18,0.45,1.26,0.89,140,85,130,51,75,29,136,42,1.11,0.44
116,Lewis,Dunk,Lewis Dunk,Brighton,DEF,2026-09-28 14:56:10.205677+00:00,22,0,4.5,1.5,360,1,0,2,5,0,0,0,1,0,0,1,79,116.2,14.6,11.0,14.3,4.0,1,0.9,4.9,5.5,89062,50223,7501,9159,0.0,0.0,0.0,0.0,0.09,0.03,0.12,7.04,4,3,20,13,23,5.75,Neck injury - 75% chance of playing,48,20,243,85,247,85,155,53,,,3.0,,,,0.01,0.0,0.02,0.03,1.76,1.25,433,85,69,28,44,15,148,60,1.0,0.5
432,Kobbie,Mainoo,Kobbie Mainoo,Man Utd,MID,2026-09-28 14:56:10.205677+00:00,22,4,5.5,1.6,354,0,1,0,4,0,0,0,0,0,0,2,102,83.2,88.8,21.0,19.3,5.2,0,0.9,4.0,4.4,94537,66420,7443,14143,0.0,0.0,0.0,0.0,0.52,0.3,0.82,4.77,4,6,10,40,56,14.24,Unspecified injury - 75% chance of playing,109,34,53,43,186,99,95,51,,,,,,,0.08,0.0,0.13,0.21,1.21,1.02,155,96,42,13,76,30,144,44,1.02,0.0
346,Dominic,Calvert-Lewin,Dominic Calvert-Lewin,Leeds,FWD,2026-09-28 14:56:10.205677+00:00,22,2,6.0,24.8,419,2,1,3,2,0,0,0,3,0,0,4,73,104.0,29.6,153.0,28.2,5.2,0,0.9,3.7,4.4,1004826,1315297,88197,162355,0.0,0.0,0.0,0.0,0.08,3.0,3.08,4.85,5,0,9,13,22,4.73,,73,5,187,21,10,5,38,7,,,,,1.0,,0.64,0.0,0.02,0.66,1.04,0.43,65,14,43,6,79,7,13,3,1.07,0.64
460,Joe,Willock,Joe Willock,Newcastle,MID,2026-09-28 14:56:10.205677+00:00,22,10,5.0,0.6,284,2,0,1,5,0,0,0,0,0,0,3,80,92.2,41.0,68.0,19.4,4.0,0,0.8,4.4,4.4,64088,30517,9268,2532,0.0,0.0,0.0,0.0,0.3,0.81,1.11,5.19,3,5,4,9,18,5.7,,93,27,153,98,64,39,93,49,,,,,,,0.26,0.0,0.1,0.36,1.64,1.58,254,158,73,26,73,28,242,78,0.95,0.32
214,Daichi,Kamada,Daichi Kamada,Crystal Palace,MID,2026-09-28 14:56:10.205677+00:00,21,3,5.0,0.5,441,0,3,1,10,0,0,0,1,0,0,0,109,95.6,81.2,42.0,21.9,5.3,0,1.1,4.2,4.2,49765,24441,3018,2824,0.0,0.0,0.0,0.0,0.38,0.47,0.85,8.85,5,11,4,23,38,7.76,,84,25,60,49,113,64,73,44,3.0,,,,,,0.1,0.0,0.08,0.18,1.81,2.04,260,162,35,11,81,33,244,79,1.02,0.2
87,Kristoffer,Ajer,Kristoffer Ajer,Brentford,DEF,2026-09-28 14:56:10.205677+00:00,21,7,4.5,3.9,450,0,0,2,4,0,0,0,1,0,0,1,73,104.2,34.0,49.0,18.8,3.2,0,0.7,4.7,4.2,316214,275266,10727,21574,0.0,0.0,0.0,0.0,0.08,0.13,0.21,6.32,5,4,46,11,50,10.0,,71,32,172,52,94,19,100,31,,,,,,,0.03,0.0,0.02,0.05,1.26,0.8,448,95,107,44,80,35,89,33,1.0,0.4
41,Emiliano,Buendía Stati,Emiliano Buendía,Aston Villa,MID,2026-09-28 14:56:10.205677+00:00,21,12,5.9,1.0,401,1,0,1,8,0,0,0,0,0,0,3,73,66.0,80.5,59.0,19.6,4.8,1,0.8,3.6,4.2,59512,95044,11528,3899,-0.1,0.1,0.0,0.0,0.24,0.92,1.16,7.86,5,9,5,20,34,7.63,,143,48,63,52,74,45,91,48,2.0,,1.0,,1.0,,0.21,0.0,0.05,0.26,1.76,1.8,81,54,52,18,84,36,180,57,1.12,0.22
10,Benjamin,White,Benjamin White,Arsenal,DEF,2026-09-28 14:56:10.205677+00:00,21,0,5.5,4.9,315,0,1,2,1,0,0,0,0,0,0,3,78,69.6,53.0,29.0,15.2,2.5,0,0.5,3.8,5.2,455977,563594,3219,64813,0.0,0.0,0.0,0.0,0.29,0.18,0.47,1.15,4,6,12,9,18,5.14,Groin injury - 75% chance of playing,135,61,106,27,156,46,140,48,,,,,,,0.05,0.0,0.08,0.13,0.33,0.29,132,15,160,62,53,22,75,29,1.14,0.57
649,Ainsley,Maitland-Niles,Ainsley Maitland-Niles,Everton,DEF,2026-09-28 14:56:10.205677+00:00,21,8,4.5,1.4,177,1,0,2,1,0,0,0,0,0,0,2,75,67.2,38.8,8.0,11.4,7.0,0,1.6,4.7,7.0,91744,14158,18712,4266,0.0,0.0,0.0,0.0,0.25,0.06,0.31,2.0,2,5,8,7,13,6.61,,139,63,161,43,267,93,192,69,,,,,,,0.03,0.0,0.13,0.16,1.02,0.51,440,89,14,6,10,5,156,63,1.02,1.02
338,Ethan,Ampadu,Ethan Ampadu,Leeds,MID,2026-09-28 14:56:10.205677+00:00,21,5,5.4,0.9,450,0,1,2,3,0,0,0,0,0,0,0,87,88.6,67.1,5.0,16.1,4.0,0,0.7,3.9,4.2,17939,60343,1506,4664,-0.1,0.1,0.0,0.0,0.26,0.08,0.34,6.46,5,12,24,24,60,12.0,,100,28,85,62,295,153,122,64,,,,,,,0.02,0.0,0.05,0.07,1.29,0.6,175,111,77,28,82,34,188,59,1.0,0.4
544,Granit,Xhaka,Granit Xhaka,Sunderland,MID,2026-09-28 14:56:10.205677+00:00,21,2,5.5,3.6,450,0,1,1,10,0,0,0,2,0,0,5,116,93.6,191.1,3.0,28.8,3.0,0,0.5,3.8,4.2,130459,207509,5927,22420,0.0,0.0,0.0,0.0,1.32,0.06,1.38,8.66,5,9,12,33,54,10.8,,89,26,5,5,315,159,37,27,2.0,,2.0,,,,0.01,0.0,0.26,0.27,1.73,2.0,124,79,129,50,83,35,93,32,1.0,0.2
93,Jannik,Schuster,Jannik Schuster,Brentford,DEF,2026-09-28 14:56:10.205677+00:00,21,14,4.5,0.3,253,0,1,1,3,0,0,0,0,0,0,3,59,92.4,11.5,16.0,12.0,5.2,1,1.2,4.7,7.0,16149,6576,14587,2088,0.0,0.0,0.0,0.0,0.54,0.1,0.64,4.19,2,3,35,6,38,13.52,,91,42,269,97,209,64,180,65,,,,,,,0.04,0.0,0.19,0.23,1.49,1.07,493,121,39,19,11,6,301,110,0.71,0.36
13,Declan,Rice,Declan Rice,Arsenal,MID,2026-09-28 14:56:10.205677+00:00,20,1,7.4,11.7,411,0,2,3,4,0,0,0,1,0,0,0,91,120.2,108.4,5.0,23.4,4.2,0,0.6,2.7,4.0,119292,721158,7446,78484,-0.1,0.1,0.0,0.0,0.69,0.12,0.81,3.5,5,7,18,17,42,9.2,Unspecified injury - 75% chance of playing,43,16,37,32,298,155,61,40,1.0,,1.0,,,,0.03,0.0,0.15,0.18,0.77,0.88,18,11,66,25,100,40,35,14,1.09,0.66
249,Thierno,Barry,Thierno Barry,Everton,FWD,2026-09-28 14:56:10.205677+00:00,20,6,5.7,8.3,417,2,0,3,3,0,0,0,0,0,0,2,83,85.8,72.0,207.0,36.5,3.3,0,0.6,3.5,4.0,962452,354633,80297,36457,0.2,-0.2,0.1,-0.1,0.15,3.5,3.65,5.02,5,1,5,11,17,3.67,,105,9,69,3,3,2,16,4,,,,,1.0,,0.76,0.0,0.03,0.79,1.08,0.65,119,30,101,10,95,8,47,8,1.08,0.65
258,Timothy,Castagne,Timothy Castagne,Fulham,DEF,2026-09-28 14:56:10.205677+00:00,20,1,4.5,0.9,408,0,2,2,7,0,0,0,2,0,0,0,64,90.4,58.6,57.0,20.6,3.5,0,0.8,4.4,4.0,90427,43224,13785,4495,0.0,0.0,0.0,0.0,0.39,0.67,1.06,6.81,5,6,23,18,29,6.4,,96,44,97,22,78,11,83,22,,,,,,,0.15,0.0,0.09,0.24,1.5,1.54,441,90,91,37,87,37,186,71,1.1,0.44
176,Jay,Dasilva,Jay Dasilva,Coventry City,DEF,2026-09-28 14:56:10.205677+00:00,20,15,4.0,0.7,444,1,0,1,10,0,0,0,0,0,0,3,54,110.6,67.7,35.0,21.5,5.7,1,1.4,5.0,4.0,15158,22576,5875,1610,0.0,0.0,0.0,0.0,0.52,0.5,1.02,8.63,5,4,19,14,23,4.66,,57,24,82,16,138,38,77,18,,,,,,,0.1,0.0,0.11,0.21,1.75,2.03,604,166,30,15,85,36,212,83,1.01,0.2
236,Kiernan,Dewsbury-Hall,Kiernan Dewsbury-Hall,Everton,MID,2026-09-28 14:56:10.205677+00:00,20,3,6.6,6.0,450,1,0,3,3,0,0,0,1,0,0,3,110,102.8,160.8,125.0,38.9,2.3,0,0.3,3.0,4.0,583996,322028,33232,42664,0.1,-0.1,0.1,-0.1,0.83,0.99,1.82,6.74,5,11,5,26,42,8.4,,77,24,13,12,20,11,13,11,2.0,,,,,,0.2,0.0,0.17,0.37,1.35,0.6,33,22,177,75,98,38,64,20,1.0,0.6
82,Caoimhín,Kelleher,Caoimhín Kelleher,Brentford,GKP,2026-09-28 14:56:10.205677+00:00,20,6,5.0,6.1,450,0,0,2,4,0,0,0,0,0,17,0,97,118.0,0.0,0.0,11.7,3.2,0,0.6,4.0,4.0,250689,213019,19052,12753,0.0,0.0,0.0,0.0,0.01,0.0,0.01,6.32,5,0,7,34,0,0.0,,46,8,590,65,566,64,186,9,,,,,,,0.0,3.4,0.0,0.0,1.26,0.8,255,9,109,13,90,8,62,9,1.0,0.4
368,Dominik,Szoboszlai,Dominik Szoboszlai,Liverpool,MID,2026-09-28 14:56:10.205677+00:00,20,2,7.0,32.9,440,1,0,3,4,0,0,0,1,0,0,1,103,108.8,178.0,57.0,34.4,2.7,0,0.4,2.9,4.0,925922,1671328,33563,203170,0.0,0.0,0.0,0.0,0.82,1.42,2.24,5.99,5,6,13,22,41,8.39,,60,21,6,6,80,48,21,17,1.0,,1.0,,1.0,,0.29,0.0,0.17,0.46,1.23,0.82,26,17,152,64,99,39,7,3,1.02,0.61
605,Malick,Yalcouyé,Malick Yalcouyé,Brighton,MID,2026-09-28 14:56:10.205677+00:00,20,1,4.5,4.0,236,2,0,1,4,0,0,0,0,0,0,1,96,109.2,70.3,111.0,29.1,4.8,0,1.1,4.4,4.0,554017,169719,25128,31765,0.0,0.0,0.0,0.0,0.45,1.46,1.91,6.57,3,6,6,7,19,7.25,,58,20,74,57,28,15,36,26,,,,,,,0.56,0.0,0.17,0.73,2.51,1.53,523,273,49,16,89,37,86,30,1.14,0.38
384,Gianluigi,Donnarumma,Gianluigi Donnarumma,Man City,GKP,2026-09-28 14:56:10.205677+00:00,19,2,5.5,7.6,450,0,0,2,5,1,0,0,0,0,14,0,84,112.6,0.0,0.0,11.4,5.3,0,1.0,3.5,3.8,206423,314871,10232,28955,0.0,0.0,0.0,0.0,0.0,0.0,0.0,7.25,5,0,4,32,0,0.0,,54,11,645,73,632,72,194,12,,,,,,,0.0,2.8,0.0,0.0,1.45,1.0,135,4,37,3,105,10,51,8,1.0,0.4
469,Neco,Williams,Neco N.Williams,Nott'm Forest,DEF,2026-09-28 14:56:10.205677+00:00,19,2,5.0,8.7,450,0,1,1,5,0,0,0,0,0,0,1,85,90.4,123.7,42.0,25.6,3.7,0,0.7,3.8,3.8,325046,348949,10560,43691,0.0,0.0,0.0,0.0,0.61,0.41,1.02,4.77,5,14,15,28,29,5.8,,97,45,28,4,114,27,50,7,2.0,,3.0,,,,0.08,0.0,0.12,0.2,0.95,1.0,262,39,87,34,102,43,43,14,1.0,0.2
26,Kai,Havertz,Kai Havertz,Arsenal,FWD,2026-09-28 14:56:10.205677+00:00,19,2,7.6,8.3,437,2,0,3,4,0,0,0,1,0,0,2,82,89.4,71.3,165.0,32.6,3.2,0,0.4,2.5,3.8,653322,417162,50089,56690,0.1,-0.1,0.0,0.0,0.37,1.67,2.04,3.91,5,0,6,7,13,2.68,Hamstring injury - 75% chance of playing,99,8,71,4,6,4,23,5,,,,,,,0.34,0.0,0.08,0.42,0.81,0.82,17,6,115,11,108,11,46,7,1.03,0.62
588,Anan,Khalaili,Anan Khalaili,Crystal Palace,DEF,2026-09-28 14:56:10.205677+00:00,19,6,5.0,0.3,379,1,0,1,8,0,0,0,1,0,0,0,54,128.2,48.8,48.0,22.5,5.3,0,1.1,3.8,3.8,34633,15295,1940,1041,0.0,0.0,0.0,0.0,0.33,0.96,1.29,8.41,4,21,23,26,44,10.45,,33,13,122,31,99,22,64,11,,,,,,,0.23,0.0,0.08,0.31,2.0,1.9,322,55,36,18,103,44,285,105,0.95,0.24
242,Tyrique,George,Tyrique George,Everton,MID,2026-09-28 14:56:10.205677+00:00,19,1,5.5,0.9,309,1,0,2,3,0,0,0,0,0,0,3,77,64.0,86.2,75.0,22.5,4.7,0,0.9,3.5,3.8,106957,42027,2292,10363,0.0,0.0,0.0,0.0,0.32,0.35,0.67,3.71,4,1,5,12,18,5.24,,150,55,54,44,54,33,66,41,,,,,,,0.1,0.0,0.09,0.19,1.08,0.87,160,100,54,19,106,42,190,61,1.17,0.58
114,Olivier,Boscagli,Olivier Boscagli,Brighton,DEF,2026-09-28 14:56:10.205677+00:00,19,6,4.5,0.3,437,0,0,3,5,0,0,0,1,0,0,0,93,77.2,115.7,21.0,21.4,3.2,0,0.7,4.2,3.8,16131,11814,1914,737,0.0,0.0,0.0,0.0,0.53,0.07,0.6,8.45,5,4,25,17,29,5.97,,118,52,32,5,180,56,79,20,,,,,,,0.01,0.0,0.11,0.12,1.74,1.03,450,96,108,45,101,42,296,107,1.03,0.62
542,Enzo,Le Fée,Enzo E.Le Fée,Sunderland,MID,2026-09-28 14:56:10.205677+00:00,18,5,5.7,3.4,438,1,1,1,9,0,0,1,0,0,0,1,90,88.6,137.3,82.0,31.0,4.0,0,0.7,3.2,3.6,44398,649532,10826,22957,-0.3,0.3,-0.1,0.1,1.34,2.06,3.4,8.46,5,7,3,11,21,4.32,,101,29,22,21,45,27,30,21,1.0,,3.0,,2.0,,0.42,0.0,0.28,0.7,1.74,1.85,115,73,80,30,112,44,99,33,1.03,0.21
336,Noah,Okafor,Noah Okafor,Leeds,MID,2026-09-28 14:56:10.205677+00:00,18,3,5.8,0.4,299,1,0,3,1,0,0,0,0,0,0,1,82,67.0,41.4,40.0,14.8,4.2,0,0.7,3.1,3.6,26765,34990,1658,3204,-0.2,0.2,0.0,0.0,0.27,0.17,0.44,2.37,4,7,3,8,18,5.42,,140,47,152,97,124,69,148,75,,,,,,,0.05,0.0,0.08,0.13,0.71,0.3,102,65,65,24,113,45,270,89,1.2,0.9
366,Florian,Wirtz,Florian Wirtz,Liverpool,MID,2026-09-28 14:56:10.205677+00:00,18,6,7.3,5.7,402,0,2,3,4,0,0,0,1,0,0,0,92,65.0,147.3,101.0,31.4,4.0,0,0.5,2.5,3.6,133173,763842,2905,40445,-0.2,0.2,0.0,0.0,0.4,1.0,1.4,4.82,5,8,3,25,36,8.06,,147,52,16,15,33,18,29,20,2.0,,2.0,,4.0,,0.22,0.0,0.09,0.31,1.08,0.9,22,14,81,31,115,46,68,23,1.12,0.67
79,Francisco Evanilson,de Lima Barbosa,Francisco Evanilson Evanilson,Bournemouth,FWD,2026-09-28 14:56:10.205677+00:00,18,2,6.0,3.2,424,0,3,2,5,0,0,0,1,0,0,0,66,71.4,82.6,99.0,25.2,3.0,0,0.5,3.0,3.6,251912,174943,16451,20116,0.0,0.0,0.0,0.0,0.52,0.87,1.39,6.45,5,3,11,13,27,5.73,,130,10,57,2,37,15,53,10,,,,,,,0.18,0.0,0.11,0.29,1.37,1.06,71,16,136,13,114,12,101,15,1.06,0.42
454,Anthony,Elanga,Anthony Elanga,Newcastle,MID,2026-09-28 14:56:10.205677+00:00,18,0,6.1,4.6,232,2,0,1,3,0,0,0,1,0,0,2,71,82.6,50.6,61.0,19.4,2.2,0,0.4,3.0,6.0,1286143,1082225,306,162264,0.1,-0.1,-0.1,0.1,0.34,0.42,0.76,4.01,3,4,2,3,9,3.49,Unspecified injury - Unknown return date,113,35,115,77,71,43,94,50,2.0,,,,,,0.16,0.0,0.13,0.29,1.56,1.16,63,44,187,80,33,15,78,27,1.16,0.39
496,Antonín,Kinský,Antonín Kinsky,Spurs,GKP,2026-09-28 14:56:10.205677+00:00,18,2,4.5,17.3,450,0,0,2,8,0,0,0,0,0,12,0,77,104.8,10.0,0.0,11.5,4.0,0,0.9,4.0,3.6,345672,789193,16518,106966,0.0,0.0,0.0,0.0,0.0,0.0,0.0,7.78,5,0,10,34,0,0.0,,68,12,282,3,456,47,190,11,,,,,,,0.0,2.4,0.0,0.0,1.56,1.6,482,39,72,10,111,12,22,3,1.0,0.4
250,Bernd,Leno,Bernd Leno,Fulham,GKP,2026-09-28 14:56:10.205677+00:00,18,3,4.5,3.4,450,0,0,1,8,0,0,0,0,0,16,2,77,127.6,0.0,0.0,12.8,4.0,0,0.9,4.0,3.6,147234,101364,36337,10322,0.0,0.0,0.0,0.0,0.0,0.0,0.0,9.11,5,0,6,41,0,0.0,,35,6,477,38,427,33,172,6,,,,,,,0.0,3.2,0.0,0.0,1.82,1.6,431,25,68,9,110,11,100,16,1.0,0.2
390,Rúben,dos Santos Gato Alves Dias,Rúben Rúben,Man City,DEF,2026-09-28 14:56:10.205677+00:00,17,1,5.5,1.9,450,0,0,2,5,0,0,0,0,0,0,0,72,94.2,47.3,46.0,18.7,4.3,0,0.8,3.1,3.4,66996,73508,4408,8706,0.0,0.0,0.0,0.0,0.74,0.29,1.03,7.25,5,1,25,16,26,5.2,,87,39,130,35,104,23,101,32,,,,,,,0.06,0.0,0.15,0.21,1.45,1.0,129,13,60,26,122,50,128,52,1.0,0.4
45,John,McGinn,John McGinn,Aston Villa,MID,2026-09-28 14:56:10.205677+00:00,17,6,5.4,2.2,434,0,2,2,7,0,0,0,2,0,0,1,65,52.4,84.9,15.0,14.8,4.0,0,0.7,3.1,3.4,70312,155012,6481,8050,-0.1,0.1,0.0,0.0,0.24,0.77,1.01,8.29,5,5,8,17,30,6.22,,184,74,56,46,221,119,146,74,1.0,,,,,,0.16,0.0,0.05,0.21,1.72,1.45,168,106,76,27,121,48,122,37,1.04,0.41
502,Andrew,Robertson,Andrew Robertson,Spurs,DEF,2026-09-28 14:56:10.205677+00:00,17,4,4.4,2.5,366,0,1,1,7,0,0,0,0,0,0,1,68,89.6,123.9,41.0,25.4,3.5,0,0.8,3.9,3.4,66852,182790,5180,12114,-0.1,0.1,0.0,0.0,0.43,0.13,0.56,7.05,4,5,15,15,20,4.92,,98,46,27,3,117,28,51,8,6.0,,,,,,0.03,0.0,0.11,0.14,1.73,1.72,549,136,90,36,120,49,112,43,0.98,0.25
110,Carl,Rushworth,Carl Rushworth,Coventry City,GKP,2026-09-28 14:56:10.205677+00:00,16,11,4.5,0.8,450,0,1,1,10,0,0,0,0,0,9,2,56,90.6,10.0,0.0,10.1,4.3,1,1.0,3.6,3.2,23565,58905,2418,5741,0.0,0.0,0.0,0.0,0.02,0.0,0.02,8.63,5,0,4,50,0,0.0,,95,18,281,2,455,46,208,15,,,,,,,0.0,1.8,0.0,0.0,1.73,2.0,481,38,59,7,127,13,205,30,1.0,0.2
551,Nilson,Angulo,Nilson N.Angulo,Sunderland,MID,2026-09-28 14:56:10.205677+00:00,16,4,5.0,0.1,313,1,1,1,7,0,0,0,1,0,0,0,67,72.2,38.3,47.0,15.7,2.8,0,0.6,3.2,3.2,12765,10535,486,747,0.0,0.0,0.0,0.0,0.13,0.6,0.73,4.56,5,5,5,14,24,6.9,,128,43,162,102,101,56,126,67,,,1.0,,,,0.17,0.0,0.04,0.21,1.31,2.01,316,190,141,58,128,49,391,144,1.44,0.29
503,Micky,van de Ven,Micky Van de Ven,Spurs,DEF,2026-09-28 14:56:10.205677+00:00,16,1,5.0,3.8,360,0,0,2,5,0,0,0,1,0,0,3,69,75.8,8.7,18.0,10.3,4.0,0,0.8,3.2,4.0,93810,266153,5354,18912,0.0,0.0,0.0,0.0,0.05,0.59,0.64,3.91,4,5,24,17,29,7.25,,121,54,283,102,203,61,206,73,,,,,,,0.15,0.0,0.01,0.16,0.98,1.25,301,51,75,31,93,40,90,34,1.0,0.5
244,Harrison,Armstrong,Harrison Armstrong,Everton,MID,2026-09-28 14:56:10.205677+00:00,16,2,5.0,0.4,446,0,1,3,3,0,0,0,2,0,0,0,61,62.6,64.5,19.0,14.7,2.0,0,0.4,3.2,3.2,53830,32565,770,3211,0.0,0.0,0.0,0.0,0.49,0.21,0.7,6.94,5,8,13,19,40,8.07,,155,58,86,63,192,105,149,76,,,,,,,0.04,0.0,0.1,0.14,1.4,0.61,327,198,197,86,129,50,274,91,1.01,0.61
96,Mikkel,Damsgaard,Mikkel Damsgaard,Brentford,MID,2026-09-28 14:56:10.205677+00:00,16,3,5.4,0.4,283,0,1,2,1,0,0,0,0,0,0,3,74,47.4,118.2,42.0,20.7,3.8,0,0.7,3.0,3.2,14991,30074,1480,1958,-0.1,0.1,0.0,0.0,0.73,0.17,0.9,3.06,3,7,6,18,31,9.86,,200,86,31,27,115,65,82,47,2.0,,3.0,,,,0.05,0.0,0.23,0.28,0.97,0.32,189,118,84,33,131,51,262,87,0.95,0.64
123,Jack,Hinshelwood,Jack Hinshelwood,Brighton,MID,2026-09-28 14:56:10.205677+00:00,16,0,5.9,0.6,63,2,0,1,0,0,0,0,0,0,0,3,54,72.8,13.4,59.0,14.5,0.0,1,0.0,2.7,16.0,147877,215733,256,6507,-0.1,0.1,0.0,0.0,0.02,1.41,1.43,0.19,1,2,0,1,3,4.29,Ankle injury - Expected back 10 Oct,127,42,259,135,75,46,153,80,,,,,,,2.01,0.0,0.03,2.04,0.27,0.0,92,59,656,291,1,1,241,77,1.43,1.43
597,Zion,Suzuki,Zion Suzuki,Aston Villa,GKP,2026-09-28 14:56:10.205677+00:00,16,2,5.0,1.9,360,0,0,1,5,0,0,0,0,0,15,3,80,115.6,0.0,0.0,11.6,4.0,1,0.8,3.2,4.0,150531,61991,12967,6132,0.0,0.0,0.0,0.0,0.01,0.0,0.01,5.45,4,0,8,43,0,0.0,,50,9,600,68,576,67,188,10,,,,,,,0.0,3.75,0.0,0.0,1.36,1.25,278,12,74,11,91,9,126,19,1.0,0.25
557,Christos,Tzolis,Christos Tzolis,Arsenal,MID,2026-09-28 14:56:10.205677+00:00,16,2,6.3,12.2,362,0,2,2,4,0,0,0,2,0,0,1,81,56.4,115.1,46.0,21.8,2.5,0,0.4,2.5,3.2,461734,1598563,11367,135355,-0.2,0.2,-0.1,0.1,0.55,0.19,0.74,2.73,5,4,7,12,23,5.72,,171,67,33,28,105,59,76,45,3.0,,,,,,0.05,0.0,0.14,0.19,0.68,0.99,47,32,163,69,132,52,34,13,1.24,0.5
105,Jaidon,Anthony,Jaidon Anthony,Brentford,MID,2026-09-28 14:56:10.205677+00:00,15,10,5.9,0.1,267,1,0,2,3,0,0,0,1,0,0,2,59,65.0,89.3,58.0,21.2,3.5,0,0.6,2.5,3.0,7230,10979,2232,578,-0.1,0.1,0.0,0.0,0.54,1.15,1.69,3.5,3,4,6,16,26,8.76,,146,51,50,41,76,47,81,46,,,,,,,0.39,0.0,0.18,0.57,1.18,1.01,86,56,97,37,154,64,369,132,1.01,0.67
290,Regan,Slater,Regan Slater,Hull City,MID,2026-09-28 14:56:10.205677+00:00,15,2,4.5,5.2,437,0,1,3,4,0,0,0,1,0,0,0,67,62.2,85.1,26.0,17.4,2.3,0,0.5,3.3,3.0,497934,276683,15001,35684,0.0,0.0,0.0,0.0,0.59,0.21,0.8,7.27,5,9,9,15,33,6.8,,158,60,55,45,161,85,113,60,1.0,,,,,,0.04,0.0,0.12,0.16,1.5,0.82,464,260,167,70,135,54,73,25,1.03,0.62
516,Rodrigo,Bentancur,Rodrigo Bentancur,Spurs,MID,2026-09-28 14:56:10.205677+00:00,15,4,5.5,0.2,370,0,0,2,6,0,0,0,0,0,0,0,69,77.4,39.3,8.0,12.6,3.5,0,0.6,2.7,3.0,5104,8314,340,657,0.0,0.0,0.0,0.0,0.12,0.02,0.14,5.59,4,15,22,23,60,14.59,,117,38,159,101,272,140,176,86,,,,,,,0.0,0.0,0.03,0.03,1.36,1.46,134,81,95,36,149,61,346,124,0.97,0.49
591,Julio,Enciso,Julio Enciso,Ipswich Town,MID,2026-09-28 14:56:10.205677+00:00,15,2,5.5,0.8,413,0,2,0,11,0,0,0,1,0,0,0,83,60.2,75.6,100.0,23.6,2.5,0,0.5,2.7,3.0,93620,52158,2057,5869,0.0,0.0,0.0,0.0,0.89,1.26,2.15,8.47,5,2,5,24,31,6.76,,164,63,66,54,35,20,59,39,,,,,,,0.27,0.0,0.19,0.46,1.85,2.4,150,92,161,67,152,63,201,63,1.09,0.0
483,Dan,Ndoye,Dan Ndoye,Nott'm Forest,MID,2026-09-28 14:56:10.205677+00:00,15,1,5.5,0.7,316,1,0,1,3,0,0,0,1,0,0,2,44,39.0,63.6,90.0,19.0,1.0,0,0.2,2.7,3.0,72311,49007,715,7844,0.0,0.0,0.0,0.0,0.93,1.25,2.18,3.84,5,2,3,15,20,5.7,,221,95,87,64,41,24,98,53,,,,,,,0.36,0.0,0.26,0.62,1.09,0.85,146,89,270,123,151,62,213,66,1.42,0.28
377,Victor,Munoz,Victor Munoz,Liverpool,MID,2026-09-28 14:56:10.205677+00:00,15,1,6.5,0.9,257,1,1,1,2,0,0,0,1,0,0,0,60,56.2,42.4,86.0,18.5,1.7,0,0.3,2.3,3.0,117310,101424,1327,11082,0.0,0.0,0.0,0.0,0.31,0.52,0.83,4.63,3,3,5,8,16,5.6,,173,68,147,93,42,25,103,55,,,,,,,0.18,0.0,0.11,0.29,1.62,0.7,43,29,226,101,157,66,189,60,1.05,0.35
70,Justin,Kluivert,Justin Kluivert,Bournemouth,MID,2026-09-28 14:56:10.205677+00:00,15,0,6.0,0.9,294,1,0,2,3,0,0,0,1,0,0,1,64,62.2,46.5,120.0,22.5,3.0,0,0.5,2.5,3.8,52647,82030,2290,17148,0.0,0.0,0.0,0.0,0.08,0.99,1.07,4.48,4,4,2,16,22,6.73,Unspecified injury - Unknown return date,159,61,134,86,22,12,67,42,3.0,,2.0,,2.0,,0.3,0.0,0.02,0.32,1.37,0.92,67,46,134,54,107,43,195,62,1.22,0.61
553,Wilson,Isidor,Wilson Isidor,Sunderland,FWD,2026-09-28 14:56:10.205677+00:00,15,1,5.5,1.3,117,1,1,0,3,0,0,0,0,0,0,3,51,30.8,1.0,35.0,6.7,3.5,0,0.6,2.7,3.0,95254,86344,2952,11190,0.0,0.0,0.0,0.0,0.01,1.49,1.5,3.78,0,2,0,3,5,3.85,,253,23,358,45,140,28,259,27,,,,,,,1.15,0.0,0.01,1.16,2.91,2.31,143,38,96,9,150,14,163,25,0.0,0.0
481,Elliot,Anderson,Elliot Anderson,Man City,MID,2026-09-28 14:56:10.205677+00:00,15,2,6.3,4.0,413,0,0,2,5,0,0,0,1,0,0,0,95,87.4,77.1,19.0,18.4,3.3,0,0.5,2.4,3.0,104863,444514,7424,26674,-0.2,0.2,0.0,0.0,0.67,0.11,0.78,7.15,5,13,18,23,54,11.77,,102,30,64,53,199,110,105,56,3.0,,,,,,0.02,0.0,0.15,0.17,1.56,1.09,45,31,103,41,156,65,84,28,1.09,0.44
464,Yoane,Wissa,Yoane Wissa,Newcastle,FWD,2026-09-28 14:56:10.205677+00:00,15,0,6.2,18.7,441,1,1,1,8,0,0,1,2,0,0,2,54,66.6,60.6,106.0,23.3,2.8,0,0.5,2.4,3.0,2277106,723290,81594,136280,0.2,-0.2,0.0,0.0,0.06,2.35,2.41,7.97,5,6,6,15,27,5.51,,141,11,92,8,31,12,62,12,,,,,2.0,,0.48,0.0,0.01,0.49,1.63,1.63,54,13,143,14,155,15,20,5,1.02,0.2
47,Boubacar,Kamara,Boubacar Kamara,Aston Villa,MID,2026-09-28 14:56:10.205677+00:00,15,6,5.0,0.3,443,0,1,2,7,0,0,0,0,0,0,0,85,68.0,68.8,6.0,14.3,3.2,0,0.6,3.0,3.0,14448,21446,1239,1498,0.0,0.0,0.0,0.0,0.16,0.12,0.28,8.44,5,9,11,16,36,7.31,,138,46,78,58,289,149,156,81,,,,,,,0.02,0.0,0.03,0.05,1.71,1.42,269,166,110,42,141,56,289,98,1.02,0.41
257,Calvin,Bassey,Calvin Bassey,Fulham,DEF,2026-09-28 14:56:10.205677+00:00,15,6,4.5,0.7,450,0,1,1,8,0,0,0,1,0,0,1,69,97.0,15.3,40.0,15.2,3.8,0,0.8,3.3,3.0,25927,29792,4913,1646,0.0,0.0,0.0,0.0,0.08,0.13,0.21,9.11,5,6,23,22,29,5.8,,81,36,237,83,122,32,138,47,,,,,,,0.03,0.0,0.02,0.05,1.82,1.6,461,104,83,33,134,56,214,84,1.0,0.2
447,Sven,Botman,Sven Botman,Newcastle,DEF,2026-09-28 14:56:10.205677+00:00,15,4,5.0,0.7,450,0,0,1,9,0,0,0,1,0,0,0,43,136.0,4.1,23.0,16.4,3.0,0,0.6,3.0,3.0,47169,28094,4495,2800,0.0,0.0,0.0,0.0,0.17,0.06,0.23,9.14,5,5,54,14,59,11.8,,27,9,315,112,174,52,118,39,,,,,,,0.01,0.0,0.03,0.04,1.83,1.8,264,40,124,54,140,60,211,82,1.0,0.2
129,Yasin,Ayari,Yasin Ayari,Brighton,MID,2026-09-28 14:56:10.205677+00:00,15,3,5.4,0.4,333,1,0,3,1,0,0,0,1,0,0,0,71,56.0,48.9,68.0,16.9,3.2,0,0.6,2.8,3.8,12390,41464,2149,1909,-0.1,0.1,0.0,0.0,0.18,0.7,0.88,5.64,4,2,4,15,21,5.68,,174,69,121,81,65,40,116,62,4.0,,2.0,,,,0.19,0.0,0.05,0.24,1.52,0.27,205,129,113,43,104,41,276,93,1.08,0.81
91,Ethan,Pinnock,Ethan Pinnock,Coventry City,DEF,2026-09-28 14:56:10.205677+00:00,14,8,4.5,0.1,282,0,0,1,7,0,0,0,1,0,0,0,15,90.8,1.7,10.0,10.3,4.3,0,1.0,3.1,3.5,2527,3984,358,213,0.0,0.0,0.0,0.0,0.0,0.12,0.12,6.57,3,3,41,4,44,14.04,,94,43,339,122,254,86,204,72,,,,,,,0.04,0.0,0.0,0.04,2.1,2.23,459,102,58,25,117,47,465,165,0.96,0.32
202,Chris,Richards,Chris Richards,Crystal Palace,DEF,2026-09-28 14:56:10.205677+00:00,14,8,5.0,0.6,450,0,0,1,11,0,0,0,1,0,0,0,48,131.4,7.7,24.0,16.2,3.7,0,0.7,2.8,2.8,22414,37816,1502,2085,0.0,0.0,0.0,0.0,0.07,0.08,0.15,9.46,5,8,46,16,54,10.8,,30,10,286,104,171,50,120,41,,,,,,,0.02,0.0,0.01,0.03,1.89,2.2,276,43,88,35,165,68,233,90,1.0,0.2
43,Youri,Tielemans,Youri Tielemans,Man Utd,MID,2026-09-28 14:56:10.205677+00:00,14,4,5.8,1.5,402,0,0,0,8,0,0,0,0,0,0,0,93,87.2,112.6,43.0,24.4,3.0,0,0.5,2.4,2.8,44374,160911,2927,10287,-0.2,0.2,0.0,0.0,0.52,0.65,1.17,6.16,5,7,11,25,43,9.63,,103,31,34,29,112,63,54,36,,,,,3.0,,0.15,0.0,0.12,0.27,1.38,1.79,98,62,131,52,173,74,150,46,1.12,0.0
567,Lukás,Hornícek,Lukás Horníček,Newcastle,GKP,2026-09-28 14:56:10.205677+00:00,14,3,5.0,1.5,450,0,0,1,9,0,0,0,1,0,19,0,72,155.6,0.0,0.0,15.5,3.2,0,0.6,2.8,2.8,151483,71193,6833,4640,0.0,0.0,0.0,0.0,0.0,0.0,0.0,9.14,5,0,11,31,0,0.0,,12,1,604,69,581,68,133,2,,,,,,,0.0,3.8,0.0,0.0,1.83,1.8,291,13,111,14,167,15,149,22,1.0,0.2
211,Yéremy,Pino Santos,Yéremy Yeremy,Crystal Palace,MID,2026-09-28 14:56:10.205677+00:00,14,2,5.5,0.3,307,0,2,1,6,0,0,0,1,0,0,0,70,30.2,94.1,33.0,15.8,2.7,0,0.5,2.5,2.8,45212,30911,668,2514,0.0,0.0,0.0,0.0,0.55,0.52,1.07,6.93,4,5,5,16,26,7.62,,255,105,44,37,144,77,125,66,1.0,,1.0,,,,0.15,0.0,0.16,0.31,2.03,1.76,154,95,150,63,172,73,278,94,1.17,0.29
467,Matz,Sels,Matz Sels,Nott'm Forest,GKP,2026-09-28 14:56:10.205677+00:00,14,2,5.0,1.6,450,0,0,1,5,0,0,0,0,0,11,0,67,82.0,0.0,0.0,8.2,3.7,0,0.7,2.8,2.8,68132,61888,1879,5826,0.0,0.0,0.0,0.0,0.01,0.0,0.01,4.77,5,0,6,46,0,0.0,,114,19,584,62,558,60,234,19,,,,,,,0.0,2.2,0.0,0.0,0.95,1.0,240,5,86,12,163,14,143,21,1.0,0.2
222,Jørgen,Strand Larsen,Jørgen Strand Larsen,Crystal Palace,FWD,2026-09-28 14:56:10.205677+00:00,14,2,6.0,0.7,298,1,0,1,5,0,0,0,0,0,0,2,69,62.6,32.5,65.0,16.1,3.7,0,0.6,2.3,2.8,49684,40724,4459,3670,0.0,0.0,0.0,0.0,0.2,0.43,0.63,6.15,3,2,6,5,13,3.93,,156,12,179,20,68,19,123,17,,,,,,,0.13,0.0,0.06,0.19,1.86,1.51,69,15,89,8,174,16,223,35,0.91,0.3
156,Pedro,Lomba Neto,Pedro Neto,Chelsea,MID,2026-09-28 14:56:10.205677+00:00,14,2,6.5,1.4,332,1,0,0,8,0,0,0,0,0,0,0,81,82.0,92.6,108.0,28.2,3.2,0,0.5,2.2,2.8,81888,90962,4763,9311,0.0,0.0,0.0,0.0,0.58,0.68,1.26,6.64,4,6,8,14,28,7.59,,115,36,47,40,29,16,40,29,2.0,,4.0,,,,0.18,0.0,0.16,0.34,1.8,2.17,37,25,114,44,176,75,157,48,1.08,0.0
455,Sandro,Tonali,Sandro Tonali,Spurs,MID,2026-09-28 14:56:10.205677+00:00,14,2,5.3,1.8,427,0,0,2,8,0,0,0,0,0,0,0,86,63.0,89.0,28.0,18.0,3.0,0,0.6,2.6,2.8,47740,269067,2151,14460,-0.2,0.2,-0.1,0.1,0.61,0.24,0.85,7.72,5,11,11,20,42,8.85,,153,57,51,42,157,83,107,57,,,,,,,0.05,0.0,0.13,0.18,1.63,1.69,222,140,127,48,169,70,131,39,1.05,0.42
445,Malick,Thiaw,Malick Thiaw,Newcastle,DEF,2026-09-28 14:56:10.205677+00:00,14,4,5.0,2.2,450,0,0,1,9,1,0,0,0,0,0,0,32,106.2,16.3,4.0,12.7,2.8,0,0.6,2.8,2.8,177401,122450,8100,9439,0.0,0.0,0.0,0.0,0.08,0.0,0.08,9.14,5,0,45,10,45,9.0,,64,28,233,81,309,113,174,62,,,,,,,0.0,0.0,0.02,0.02,1.83,1.8,287,47,140,56,166,69,123,49,1.0,0.2
569,Gonzalo,García,Gonzalo Gonzalo,Fulham,FWD,2026-09-28 14:56:10.205677+00:00,14,2,6.0,3.9,425,1,0,2,7,0,0,0,0,0,0,0,53,53.0,46.8,125.0,22.1,2.0,0,0.3,2.3,2.8,424132,309953,61823,30568,0.0,0.0,0.0,0.0,0.58,2.33,2.91,8.29,5,2,7,9,18,3.81,,182,14,132,12,19,9,72,14,,,,,1.0,,0.49,0.0,0.12,0.61,1.76,1.48,73,17,203,21,175,17,87,12,1.06,0.42
331,Gabriel,Gudmundsson,Gabriel Gudmundsson,Leeds,DEF,2026-09-28 14:56:10.205677+00:00,14,6,4.5,0.1,252,0,0,2,1,0,0,0,0,0,0,0,62,38.6,29.5,8.0,7.7,3.5,0,0.8,3.1,4.7,4089,2736,491,306,0.0,0.0,0.0,0.0,0.21,0.0,0.21,3.83,3,9,5,12,14,5.0,,222,89,188,59,268,94,238,88,,,,,,,0.0,0.0,0.08,0.08,1.37,0.36,465,106,92,38,69,31,462,164,1.07,0.71
541,Thomas,Meunier,Thomas Meunier,Sunderland,DEF,2026-09-28 14:56:10.205677+00:00,14,3,4.5,0.3,396,0,1,1,8,0,0,0,0,0,0,0,42,70.2,41.4,43.0,15.6,3.2,0,0.7,3.1,2.8,6951,9572,1550,820,0.0,0.0,0.0,0.0,0.58,0.34,0.92,5.94,5,4,16,15,20,4.55,,132,58,151,40,110,25,127,42,,,,,,,0.08,0.0,0.13,0.21,1.35,1.82,434,86,105,42,160,65,300,109,1.14,0.23
345,Tanaka,Ao,Tanaka Tanaka,Leeds,MID,2026-09-28 14:56:10.205677+00:00,14,2,4.9,0.3,255,0,2,2,1,0,0,0,1,0,0,0,48,50.0,18.3,20.0,8.6,3.5,0,0.7,2.9,3.5,22598,17385,2080,2150,-0.1,0.1,0.0,0.0,0.05,0.73,0.78,3.24,3,8,11,10,29,10.24,,195,82,222,121,189,102,227,104,4.0,,,,,,0.26,0.0,0.02,0.28,1.14,0.35,363,218,94,35,118,47,286,96,1.06,0.71
532,Daniel,Ballard,Daniel Ballard,Sunderland,DEF,2026-09-28 14:56:10.205677+00:00,14,2,4.9,2.5,450,0,0,1,10,0,0,0,2,0,0,0,31,104.2,23.8,35.0,16.3,3.5,0,0.7,2.9,2.8,45465,316233,3566,15665,-0.1,0.1,0.0,0.0,0.16,0.31,0.47,8.66,5,10,39,12,49,9.8,Hamstring injury - 75% chance of playing,72,33,203,67,139,39,119,40,,,,,,,0.06,0.0,0.03,0.09,1.73,2.0,358,63,93,39,162,67,114,44,1.0,0.2
53,Johan,Manzambi,Johan Manzambi,Aston Villa,MID,2026-09-28 14:56:10.205677+00:00,14,13,5.9,0.4,98,1,1,1,1,0,0,0,0,0,0,2,48,65.8,29.8,60.0,15.6,3.5,1,0.6,2.4,7.0,30045,19599,27059,2980,-0.1,0.1,0.0,0.0,0.24,0.44,0.68,1.54,1,2,2,5,9,8.27,,145,50,186,107,72,44,130,70,,,,,,,0.4,0.0,0.22,0.62,1.41,0.92,94,60,98,38,12,4,275,92,0.92,0.92
261,Alex,Iwobi,Alex Iwobi,Fulham,MID,2026-09-28 14:56:10.205677+00:00,14,5,5.4,0.7,408,0,0,2,7,0,0,0,0,0,0,2,94,60.6,167.5,49.0,27.7,3.0,0,0.6,2.6,2.8,22075,55405,3155,3044,-0.1,0.1,0.0,0.0,1.22,0.39,1.61,8.16,5,5,5,19,29,6.4,,163,62,9,8,97,54,42,31,1.0,,1.0,,3.0,,0.09,0.0,0.27,0.36,1.8,1.54,169,107,128,49,170,71,221,69,1.1,0.44
280,Lewie,Coyle,Lewie Coyle,Hull City,DEF,2026-09-28 14:56:10.205677+00:00,14,1,4.0,0.7,348,0,0,2,4,0,0,0,1,0,0,0,49,24.0,29.9,11.0,6.5,2.7,0,0.7,3.5,2.8,27550,25753,1978,1945,0.0,0.0,0.0,0.0,0.07,0.13,0.2,6.22,5,3,8,11,11,2.84,,272,111,185,58,243,81,262,99,,,,,,,0.03,0.0,0.02,0.05,1.61,1.03,605,167,144,57,159,64,220,86,1.29,0.52
183,Jack,Rudoni,Jack Rudoni,Coventry City,MID,2026-09-28 14:56:10.205677+00:00,13,5,4.9,0.1,297,0,0,2,4,0,0,0,0,0,0,0,51,51.2,140.8,80.0,27.2,3.0,0,0.6,2.7,2.6,4320,8026,850,637,-0.1,0.1,0.0,0.0,1.11,0.92,2.03,4.49,4,4,9,21,34,10.3,,192,80,20,19,47,29,44,33,5.0,,1.0,,,,0.28,0.0,0.34,0.62,1.36,1.21,376,224,123,45,179,78,412,151,1.21,0.61
200,Maxence,Lacroix,Maxence Lacroix,Chelsea,DEF,2026-09-28 14:56:10.205677+00:00,13,3,5.9,6.8,364,0,1,0,10,0,0,0,1,0,0,0,28,116.2,13.9,14.0,14.4,1.8,0,0.3,2.2,2.6,174024,423704,7370,28128,-0.1,0.1,-0.1,0.1,0.22,0.15,0.37,7.93,4,10,37,8,47,11.62,,49,21,251,91,229,75,154,52,,,,,,,0.04,0.0,0.05,0.09,1.96,2.47,85,7,217,79,186,72,57,23,0.99,0.0
533,Nordi,Mukiele,Nordi Mukiele,Sunderland,DEF,2026-09-28 14:56:10.205677+00:00,13,0,5.4,1.9,360,0,0,1,8,0,0,0,1,0,0,1,44,115.6,48.4,59.0,22.3,3.2,0,0.6,2.4,3.2,44246,129550,4915,8445,-0.1,0.1,0.0,0.0,0.28,0.75,1.03,6.86,4,13,35,16,48,12.0,,51,22,124,32,73,10,68,13,,,,,,,0.19,0.0,0.07,0.26,1.72,2.0,176,19,112,46,130,55,127,51,1.0,0.25
598,Nico,Elvedi,Nico Elvedi,Leeds,DEF,2026-09-28 14:56:10.205677+00:00,13,6,4.5,0.1,326,0,0,1,3,0,0,0,0,0,0,0,56,83.0,25.4,39.0,14.8,3.2,0,0.7,2.9,3.2,5329,2776,214,217,0.0,0.0,0.0,0.0,0.58,0.12,0.7,5.45,3,2,27,8,29,8.01,,110,49,196,63,126,34,145,50,,,,,,,0.03,0.0,0.16,0.19,1.5,0.83,445,93,106,43,125,53,492,176,0.83,0.28
295,Oli,McBurnie,Oli McBurnie,Hull City,FWD,2026-09-28 14:56:10.205677+00:00,13,1,5.5,1.9,441,0,2,3,4,0,0,0,3,0,0,0,52,47.2,69.1,114.0,23.0,2.3,0,0.4,2.4,2.6,188383,152645,7397,17298,0.0,0.0,0.0,0.0,0.13,1.23,1.36,7.21,5,3,9,9,21,4.29,,201,16,76,5,26,11,63,13,,,,,1.0,,0.25,0.0,0.03,0.28,1.47,0.82,128,34,173,18,184,18,129,21,1.02,0.61
358,Milos,Kerkez,Milos Kerkez,Liverpool,DEF,2026-09-28 14:56:10.205677+00:00,13,6,5.4,2.2,385,0,0,2,4,0,0,0,2,0,0,0,63,75.4,47.3,14.0,13.7,4.0,0,0.7,2.4,2.6,47486,187128,2469,9756,-0.1,0.1,0.0,0.0,0.08,0.07,0.15,5.65,4,8,22,10,30,7.01,,122,55,129,34,227,74,160,56,,,,,,,0.02,0.0,0.02,0.04,1.32,0.94,208,27,78,32,183,71,121,48,0.94,0.47
580,Shea,Charles,Shea Charles,Fulham,MID,2026-09-28 14:56:10.205677+00:00,13,4,5.0,0.1,303,0,0,1,5,0,0,0,0,0,0,0,60,85.4,46.1,14.0,14.5,3.0,0,0.6,2.6,2.6,2282,4073,552,397,0.0,0.0,0.0,0.0,0.16,0.09,0.25,6.65,3,4,23,19,46,13.66,,107,32,138,88,226,120,152,79,,,,,,,0.03,0.0,0.05,0.08,1.98,1.49,286,173,126,47,181,80,449,172,0.89,0.3
113,Ferdi,Kadıoğlu,Ferdi F.Kadıoğlu,Brighton,DEF,2026-09-28 14:56:10.205677+00:00,13,5,4.4,1.6,332,0,0,2,5,0,0,0,1,0,0,0,46,31.2,58.1,32.0,12.2,3.2,0,0.7,3.0,3.2,30219,134125,3806,6582,-0.1,0.1,0.0,0.0,0.13,0.12,0.25,7.55,4,1,9,8,10,2.71,,250,105,98,23,146,41,179,64,3.0,,,,,,0.03,0.0,0.04,0.07,2.05,1.36,557,143,104,41,124,52,145,58,1.08,0.54
593,Amar,Dedic,Amar Dedić,Newcastle,DEF,2026-09-28 14:56:10.205677+00:00,13,0,4.5,1.8,327,0,1,1,7,0,0,0,0,0,0,2,36,70.0,40.7,15.0,12.6,3.0,1,0.7,2.9,3.2,447866,306302,244,36252,0.0,0.0,0.0,0.0,0.08,0.14,0.22,7.38,4,8,16,15,24,6.61,Unspecified injury - Unknown return date,133,59,155,41,217,69,175,63,,,3.0,,,,0.04,0.0,0.02,0.06,2.03,1.93,478,116,119,50,126,54,132,53,1.1,0.28
155,Enzo,Fernández,Enzo Enzo,Man City,MID,2026-09-28 14:56:10.205677+00:00,13,7,6.9,3.6,271,1,0,2,3,0,0,0,1,0,0,0,73,63.8,72.8,42.0,17.8,3.0,0,0.4,1.9,3.2,170998,320465,29331,13556,-0.1,0.1,0.0,0.0,0.53,0.35,0.88,5.35,3,3,6,12,21,6.97,,152,56,68,55,116,66,110,59,4.0,,3.0,,,,0.12,0.0,0.18,0.3,1.78,1.0,30,19,137,56,133,53,92,31,1.0,0.66
264,Oscar,Bobb,Oscar Bobb,Fulham,MID,2026-09-28 14:56:10.205677+00:00,13,3,5.5,0.3,343,0,0,3,6,0,0,0,0,0,0,0,53,42.0,118.7,77.0,23.8,2.8,0,0.5,2.4,2.6,16121,20812,2118,1706,0.0,0.0,0.0,0.0,1.14,0.54,1.68,6.19,5,8,5,15,28,7.35,,212,90,30,26,52,32,58,38,2.0,,,,,,0.14,0.0,0.3,0.44,1.62,1.57,152,94,142,59,185,81,292,100,1.31,0.79
566,António João,Pereira de Albuquerque Tavares da Silva,António João Silva,Bournemouth,DEF,2026-09-28 14:56:10.205677+00:00,13,3,5.0,0.4,450,0,0,0,8,0,0,0,2,0,0,0,30,124.6,10.1,43.0,17.7,2.3,0,0.5,2.6,2.6,30958,24616,5496,3175,0.0,0.0,0.0,0.0,0.29,0.85,1.14,6.95,5,5,51,14,56,11.2,,37,16,280,101,111,26,111,36,,,,,,,0.17,0.0,0.06,0.23,1.39,1.6,292,49,170,64,182,70,266,99,1.0,0.0
558,Xaver,Schlager,Xaver Schlager,Nott'm Forest,MID,2026-09-28 14:56:10.205677+00:00,13,2,5.0,0.1,376,0,0,1,5,0,0,0,1,0,0,0,70,68.4,25.0,31.0,12.5,2.7,0,0.5,2.6,2.6,5889,5763,209,746,0.0,0.0,0.0,0.0,0.18,0.19,0.37,4.43,4,17,11,21,49,11.73,,137,45,198,112,152,80,177,87,3.0,,,,,,0.05,0.0,0.04,0.09,1.06,1.2,257,160,147,60,180,79,403,147,0.96,0.24
31,Ezri,Konsa Ngoyo,Ezri Konsa,Arsenal,DEF,2026-09-28 14:56:10.205677+00:00,12,1,4.6,19.4,281,0,0,1,4,0,0,0,0,0,0,0,36,45.0,14.0,14.0,7.3,3.0,0,0.7,2.6,3.0,1460467,634339,87160,43231,0.1,-0.1,0.1,-0.1,0.02,0.23,0.25,3.5,3,5,18,9,23,7.37,,204,80,250,90,225,73,244,93,,,,,,,0.07,0.0,0.01,0.08,1.12,1.28,424,80,121,52,138,59,19,5,0.96,0.32
259,Issa,Diop,Issa Diop,Ipswich Town,DEF,2026-09-28 14:56:10.205677+00:00,12,4,4.0,12.7,450,0,0,0,11,0,0,0,0,0,0,0,45,121.6,24.2,9.0,15.5,2.5,0,0.6,3.0,2.4,135764,505519,6727,52897,0.0,0.0,0.0,0.0,0.16,0.06,0.22,8.98,5,4,41,21,45,9.0,,41,18,202,66,258,88,131,43,,,,,,,0.01,0.0,0.03,0.04,1.8,2.2,610,171,153,59,192,76,32,11,1.0,0.0
210,Adam,Wharton,Adam Wharton,Crystal Palace,MID,2026-09-28 14:56:10.205677+00:00,12,2,5.4,0.7,436,0,0,1,10,0,0,0,1,0,0,0,77,73.0,97.0,18.0,18.9,2.0,0,0.4,2.2,2.4,29512,48360,1105,4370,-0.1,0.1,-0.1,0.1,0.58,0.15,0.73,8.91,5,10,16,15,41,8.46,,125,40,43,36,205,113,99,54,2.0,,,,,,0.03,0.0,0.12,0.15,1.84,2.06,200,124,199,88,195,84,208,65,1.03,0.21
650,David,Affengruber,David Affengruber,Fulham,DEF,2026-09-28 14:56:10.205677+00:00,12,4,4.5,0.1,180,0,0,1,1,0,0,0,0,0,0,0,40,51.0,14.6,0.0,6.6,4.0,0,0.9,2.7,6.0,7448,1620,4570,998,0.0,0.0,0.0,0.0,0.02,0.0,0.02,2.88,2,3,20,7,23,11.5,,193,79,244,86,451,185,260,98,,,,,,,0.0,0.0,0.01,0.01,1.44,0.5,474,114,71,30,26,11,476,170,1.0,0.5
491,Igor Jesus,Maciel da Cruz,Igor Jesus Igor Jesus,Nott'm Forest,FWD,2026-09-28 14:56:10.205677+00:00,12,1,5.8,2.6,257,1,0,0,3,0,0,0,1,0,0,2,53,54.8,40.7,100.0,19.6,3.0,0,0.5,2.1,2.4,125755,269639,6755,22294,-0.2,0.2,0.0,0.0,0.08,1.25,1.33,2.61,2,2,5,8,15,5.25,,177,13,156,16,36,14,90,15,,,,,4.0,,0.44,0.0,0.03,0.47,0.91,1.05,107,27,133,12,199,20,110,18,0.7,0.0
327,Jaka,Bijol,Jaka Bijol,Leeds,DEF,2026-09-28 14:56:10.205677+00:00,12,0,5.0,0.7,164,0,0,1,2,0,0,0,0,0,0,2,29,38.2,0.6,15.0,5.4,0.5,0,0.1,2.4,4.0,69067,58919,765,5304,0.0,0.0,0.0,0.0,0.0,0.11,0.11,3.16,2,3,18,7,21,11.52,,223,90,369,137,220,71,285,107,,,,,,,0.06,0.0,0.0,0.06,1.73,1.1,279,44,320,115,92,39,217,85,1.1,0.55
639,José María,Andrés Baixauli,José María Andrés,Brighton,MID,2026-09-28 14:56:10.205677+00:00,12,8,5.5,0.0,109,1,1,1,0,0,0,0,0,0,0,0,37,52.2,17.9,39.0,10.9,4.0,0,0.7,2.2,6.0,3897,760,2653,292,0.0,0.0,0.0,0.0,0.12,0.52,0.64,1.7,1,1,4,8,13,10.73,,186,75,224,122,128,70,199,95,,,,,,,0.43,0.0,0.1,0.53,1.4,0.0,164,103,79,29,30,14,516,206,0.83,0.83
254,Antonee,Robinson,Antonee Robinson,Fulham,DEF,2026-09-28 14:56:10.205677+00:00,12,2,4.5,1.5,429,0,0,1,8,0,0,0,0,0,0,0,65,93.6,106.7,18.0,21.8,2.8,0,0.6,2.7,2.4,57358,70118,14873,6143,0.0,0.0,0.0,0.0,0.3,0.26,0.56,9.08,5,13,18,20,31,6.5,,88,40,39,7,201,59,74,16,,,,,2.0,,0.05,0.0,0.06,0.11,1.9,1.68,442,91,138,55,193,77,153,61,1.05,0.21
570,César,Palacios,César Palacios,Fulham,MID,2026-09-28 14:56:10.205677+00:00,12,1,5.4,0.2,226,1,0,0,7,0,0,0,1,0,0,1,48,45.4,32.6,62.0,14.0,2.5,0,0.5,2.2,3.0,5968,10556,679,910,-0.1,0.1,0.0,0.0,0.03,0.98,1.01,5.46,3,3,4,10,17,6.77,,203,88,178,104,70,42,159,82,,,,,,,0.39,0.0,0.01,0.4,2.17,2.79,211,133,159,66,147,60,357,129,1.19,0.0
60,James,Hill,James Hill,Bournemouth,DEF,2026-09-28 14:56:10.205677+00:00,12,4,5.5,0.8,450,0,0,0,8,0,0,0,1,0,0,0,43,119.6,69.3,6.0,19.5,2.3,0,0.4,2.2,2.4,30711,43557,2970,2963,0.0,0.0,0.0,0.0,0.79,0.0,0.79,6.95,5,9,41,11,50,10.0,,44,19,75,14,291,104,92,29,,,,,,,0.0,0.0,0.16,0.16,1.39,1.6,147,16,175,67,197,78,206,79,1.0,0.0
11,Cristhian,Mosquera,Cristhian Mosquera,Arsenal,DEF,2026-09-28 14:56:10.205677+00:00,12,0,5.3,1.6,168,0,0,2,0,0,0,0,0,0,0,0,52,24.6,2.0,0.0,2.7,1.5,0,0.3,2.3,6.0,31309,467819,1144,9090,-0.2,0.2,0.0,0.0,0.01,0.0,0.01,0.53,2,0,10,3,10,5.36,,270,110,334,120,612,212,332,119,,,,,,,0.0,0.0,0.01,0.01,0.28,0.0,231,33,236,88,28,12,139,55,1.07,1.07
471,Nikola,Milenković,Nikola Milenković,Nott'm Forest,DEF,2026-09-28 14:56:10.205677+00:00,12,0,5.4,1.0,270,0,0,1,3,0,0,0,1,0,0,0,34,53.2,1.4,16.0,7.0,2.3,0,0.4,2.2,4.0,17992,106842,60,11685,-0.1,0.1,-0.1,0.1,0.03,0.11,0.14,3.28,3,5,26,12,31,10.33,Hamstring injury - Expected back 11 Oct,180,76,347,126,212,66,250,95,,,,,,,0.04,0.0,0.01,0.05,1.09,1.0,182,21,171,65,94,41,175,67,1.0,0.33
73,Tyler,Adams,Tyler Adams,Bournemouth,MID,2026-09-28 14:56:10.205677+00:00,12,4,5.0,0.3,279,0,0,0,7,0,0,0,0,0,0,0,52,45.8,32.2,7.0,8.5,3.3,0,0.7,2.4,2.4,18248,16564,1039,1573,0.0,0.0,0.0,0.0,0.07,0.03,0.1,2.74,3,7,12,22,41,13.23,,202,87,180,105,280,144,228,105,,,,,,,0.01,0.0,0.02,0.03,0.88,2.26,256,159,100,40,194,83,303,106,0.97,0.0
486,James,McAtee,James McAtee,Nott'm Forest,MID,2026-09-28 14:56:10.205677+00:00,12,2,5.5,0.1,416,0,0,2,4,0,0,0,2,0,0,0,91,62.4,174.8,38.0,27.6,2.3,0,0.4,2.2,2.4,9976,5924,331,878,0.0,0.0,0.0,0.0,0.96,0.37,1.33,4.55,5,9,9,21,39,8.44,,157,59,7,7,130,71,43,32,1.0,,,,,,0.08,0.0,0.21,0.29,0.98,0.87,142,86,174,73,196,85,410,149,1.08,0.43
459,Lewis,Miley,Lewis L.Miley,Newcastle,MID,2026-09-28 14:56:10.205677+00:00,12,4,5.5,0.1,396,0,0,1,8,1,0,0,1,0,0,0,68,58.4,57.3,5.0,12.0,2.2,0,0.4,2.2,2.4,6317,5436,453,429,0.0,0.0,0.0,0.0,0.14,0.05,0.19,7.95,5,6,20,26,52,11.82,,167,64,100,69,297,154,182,89,5.0,,,,,,0.01,0.0,0.03,0.04,1.81,1.82,158,98,186,79,198,86,441,168,1.14,0.23
389,Matheus,Nunes,Matheus Matheus N.,Man City,DEF,2026-09-28 14:56:10.205677+00:00,11,1,5.9,1.0,213,0,0,1,3,0,0,0,0,0,0,1,38,60.0,6.3,4.0,7.0,3.3,0,0.6,1.9,3.7,14722,73914,1567,2773,-0.1,0.1,0.0,0.0,0.06,0.0,0.06,4.67,2,3,18,10,21,8.87,,165,70,293,106,312,116,253,96,,,,,4.0,,0.0,0.0,0.03,0.03,1.97,1.27,89,9,102,40,109,45,182,68,0.85,0.42
619,Exequiel,Palacios,Exequiel Palacios,Ipswich Town,MID,2026-09-28 14:56:10.205677+00:00,11,2,5.0,0.1,275,0,0,0,7,0,0,0,0,0,0,0,64,55.4,46.6,4.0,10.6,2.8,0,0.6,2.2,2.8,8967,3406,479,796,0.0,0.0,0.0,0.0,0.09,0.0,0.09,5.3,3,9,12,23,44,14.4,,175,70,133,85,307,157,201,97,,,,,,,0.0,0.0,0.03,0.03,1.73,2.29,263,164,139,57,164,68,473,183,0.98,0.0
267,Saša,Lukić,Saša Lukić,Ipswich Town,MID,2026-09-28 14:56:10.205677+00:00,11,2,4.9,0.1,400,0,1,0,10,0,0,0,2,0,0,0,68,71.0,81.2,6.0,15.8,1.5,0,0.3,2.2,2.2,3412,6445,184,492,-0.1,0.1,-0.1,0.1,0.41,0.02,0.43,7.37,5,7,17,13,37,8.32,,131,44,59,48,287,147,124,65,1.0,,,,,,0.0,0.0,0.09,0.09,1.66,2.25,352,214,231,102,210,91,420,154,1.12,0.0
184,Matt,Grimes,Matt Grimes,Coventry City,MID,2026-09-28 14:56:10.205677+00:00,11,3,4.9,0.1,443,0,0,1,9,0,0,0,0,0,0,0,62,64.4,48.0,6.0,11.8,2.3,0,0.5,2.2,2.2,4072,11219,175,828,-0.1,0.1,0.0,0.0,0.13,0.12,0.25,8.42,5,9,13,16,38,7.72,,149,54,125,83,286,146,183,90,1.0,,,,3.0,,0.02,0.0,0.03,0.05,1.71,1.83,344,207,168,71,208,89,393,145,1.02,0.2
313,Jack,Clarke,Jack Clarke,Ipswich Town,MID,2026-09-28 14:56:10.205677+00:00,11,2,5.4,0.2,170,1,0,0,2,0,0,0,1,0,0,1,48,52.0,55.4,45.0,15.2,1.0,0,0.2,2.0,2.8,5486,15683,135,889,-0.1,0.1,0.0,0.0,0.37,0.3,0.67,1.97,2,2,3,5,10,5.29,,187,76,104,70,106,60,139,72,4.0,,3.0,,1.0,,0.16,0.0,0.2,0.36,1.04,1.06,191,119,266,120,171,72,344,122,1.06,0.0
161,Roméo,Lavia,Roméo Lavia,Chelsea,MID,2026-09-28 14:56:10.205677+00:00,11,0,5.0,0.2,258,1,0,0,8,0,0,0,1,0,0,0,61,65.8,29.1,66.0,16.1,2.5,0,0.5,2.2,2.8,25774,15478,399,2368,0.0,0.0,0.0,0.0,0.11,0.75,0.86,5.06,4,6,10,15,31,10.81,,144,49,191,109,66,41,121,63,,,,,,,0.26,0.0,0.04,0.3,1.77,2.79,310,186,158,65,168,69,324,116,1.4,0.0
474,Jair,Paula da Cunha Filho,Jair Jair Cunha,Nott'm Forest,DEF,2026-09-28 14:56:10.205677+00:00,11,1,4.5,0.2,360,0,0,1,4,0,0,0,2,0,0,0,40,69.6,14.2,2.0,8.6,3.0,0,0.7,2.4,2.8,9737,13142,231,616,0.0,0.0,0.0,0.0,0.02,0.05,0.07,3.95,4,7,29,8,36,9.0,,134,60,248,88,321,121,226,83,,,,,,,0.01,0.0,0.0,0.01,0.99,1.0,510,127,120,51,161,66,340,128,1.0,0.25
529,Robin,Roefs,Robin Roefs,Sunderland,GKP,2026-09-28 14:56:10.205677+00:00,11,0,4.9,2.5,450,0,0,1,10,0,0,0,0,0,6,0,41,73.4,0.0,0.0,7.3,2.5,0,0.5,2.2,2.2,21834,177243,1985,11118,-0.1,0.1,0.0,0.0,0.01,0.0,0.01,8.66,5,0,7,35,0,0.0,,124,20,574,61,540,59,245,20,,,,,,,0.0,1.2,0.0,0.0,1.73,2.0,381,21,157,17,213,17,118,18,1.0,0.2
372,Alexis,Mac Allister,Alexis Mac Allister,Liverpool,MID,2026-09-28 14:56:10.205677+00:00,11,5,5.4,1.3,306,0,0,2,2,0,0,0,1,0,0,0,59,58.2,50.8,26.0,13.5,2.7,0,0.5,2.0,2.2,45268,96313,3648,6599,-0.1,0.1,0.0,0.0,0.49,0.1,0.59,4.85,3,11,11,19,41,12.06,,169,65,114,76,162,86,162,83,,,,,5.0,,0.03,0.0,0.14,0.17,1.43,0.59,183,115,149,62,217,95,160,49,0.88,0.59
265,Sander,Berge,Sander Berge,Fulham,MID,2026-09-28 14:56:10.205677+00:00,11,3,4.9,0.3,349,0,0,2,5,0,0,0,0,0,0,0,67,51.4,81.0,22.0,15.4,2.2,0,0.4,2.2,2.2,6307,17981,576,1225,-0.1,0.1,0.0,0.0,0.36,0.08,0.44,7.36,4,4,7,8,19,4.9,,189,77,61,50,176,95,135,71,,,,,,,0.02,0.0,0.09,0.11,1.9,1.29,349,211,182,77,209,90,297,103,1.03,0.52
239,James,Garner,James Garner,Everton,MID,2026-09-28 14:56:10.205677+00:00,11,3,6.0,0.2,328,0,0,2,2,0,0,0,2,0,0,0,71,51.4,68.3,13.0,13.4,3.0,0,0.5,1.8,2.2,21063,13778,1611,1878,0.0,0.0,0.0,0.0,0.17,0.2,0.37,3.45,4,11,9,25,45,12.35,,190,78,80,59,236,123,166,85,1.0,,1.0,,2.0,,0.05,0.0,0.05,0.1,0.95,0.55,68,47,135,55,220,97,322,115,1.1,0.55
412,Senne,Lammens,Senne Lammens,Man Utd,GKP,2026-09-28 14:56:10.205677+00:00,11,4,4.9,9.9,450,0,0,0,8,0,0,0,0,0,16,0,58,132.8,0.0,0.0,13.3,2.5,0,0.5,2.2,2.2,98521,685152,6313,46721,-0.1,0.1,0.0,0.0,0.0,0.0,0.0,6.8,5,0,5,38,0,0.0,,29,5,571,60,537,58,167,5,,,,,,,0.0,3.2,0.0,0.0,1.36,1.6,373,20,156,16,212,16,39,6,1.0,0.0
33,Tyrone,Mings,Tyrone Mings,Aston Villa,DEF,2026-09-28 14:56:10.205677+00:00,10,3,4.5,0.4,261,0,0,1,4,0,0,0,1,0,0,0,43,59.8,5.6,17.0,8.2,2.2,0,0.5,2.2,2.5,16322,17362,1602,1338,0.0,0.0,0.0,0.0,0.02,0.2,0.22,4.43,2,4,20,7,24,8.28,,166,71,297,107,207,63,232,85,,,,,,,0.07,0.0,0.01,0.08,1.53,1.38,439,88,180,69,188,74,272,100,0.69,0.34
67,Rayan Vitor,Simplício Rocha,Rayan Vitor Rayan,Bournemouth,MID,2026-09-28 14:56:10.205677+00:00,10,2,6.3,1.6,434,0,0,0,7,0,0,0,0,0,0,0,45,30.4,50.4,99.0,18.0,2.0,0,0.3,1.6,2.0,52421,168908,3751,9412,-0.2,0.2,-0.1,0.1,0.43,0.87,1.3,6.35,5,5,6,4,15,3.11,,254,104,118,79,38,21,108,58,,,,,,,0.18,0.0,0.09,0.27,1.32,1.45,50,34,204,91,243,107,146,45,1.04,0.0
61,Adrien,Truffert,Adrien Truffert,Bournemouth,DEF,2026-09-28 14:56:10.205677+00:00,10,2,5.4,3.0,450,0,0,0,8,0,0,0,1,0,0,2,53,104.6,70.5,39.0,21.5,1.7,0,0.3,1.9,2.0,56163,159904,4294,11621,-0.1,0.1,-0.1,0.1,0.29,0.11,0.4,6.95,5,17,28,24,45,9.0,,69,31,73,13,127,35,78,19,,,,,,,0.02,0.0,0.06,0.08,1.39,1.6,199,26,222,81,236,90,104,39,1.0,0.0
304,Dara,O'Shea,Dara O'Shea,Ipswich Town,DEF,2026-09-28 14:56:10.205677+00:00,10,2,4.0,2.7,450,0,0,0,11,0,0,0,0,0,0,0,24,130.0,71.0,21.0,22.1,1.5,0,0.4,2.5,2.0,65271,127373,1852,14030,0.0,0.0,0.0,0.0,0.26,0.07,0.33,8.98,5,7,41,18,48,9.6,,31,11,72,12,177,53,71,15,,,,,,,0.01,0.0,0.05,0.06,1.8,2.2,609,170,227,83,222,84,109,42,1.0,0.0
545,Noah,Sadiki,Noah Sadiki,Sunderland,MID,2026-09-28 14:56:10.205677+00:00,10,2,4.9,0.2,410,0,0,1,9,0,0,0,1,0,0,0,75,52.8,59.5,81.0,19.2,2.0,0,0.4,2.0,2.0,5700,18309,387,1284,-0.1,0.1,0.0,0.0,0.24,0.44,0.68,6.47,5,6,11,12,29,6.37,,183,73,94,66,46,28,96,52,,,,,,,0.1,0.0,0.05,0.15,1.42,1.98,398,242,193,84,231,101,321,114,1.1,0.22
429,Marcus,Rashford,Marcus Rashford,Man Utd,MID,2026-09-28 14:56:10.205677+00:00,10,2,7.0,1.5,351,0,0,1,3,0,0,0,0,0,0,0,58,53.4,163.2,157.0,37.3,2.2,0,0.3,1.4,2.0,85093,127740,4064,16659,0.0,0.0,0.0,0.0,0.43,0.78,1.21,4.5,4,4,4,10,18,4.62,Unspecified injury - 75% chance of playing,179,71,12,11,8,4,14,12,,,3.0,,,,0.2,0.0,0.11,0.31,1.15,0.77,25,16,189,82,244,108,151,47,1.03,0.26
166,Nicolas,Jackson,Nicolas N.Jackson,Aston Villa,FWD,2026-09-28 14:56:10.205677+00:00,10,6,6.5,1.5,286,1,0,1,2,0,0,0,2,0,0,1,52,42.8,36.8,76.0,15.4,2.5,0,0.4,1.5,2.5,178720,84439,33458,7499,0.0,0.0,0.0,0.0,0.6,0.68,1.28,2.75,4,0,1,8,9,2.83,,210,17,165,18,53,17,136,18,,,,,2.0,,0.21,0.0,0.19,0.4,0.87,0.63,42,11,164,16,191,19,152,23,1.26,0.31
418,Harry,Maguire,Harry Maguire,Man Utd,DEF,2026-09-28 14:56:10.205677+00:00,10,2,4.8,8.6,450,0,1,0,8,0,0,0,2,0,0,0,50,86.0,50.1,50.0,18.6,2.2,0,0.5,2.1,2.0,137986,1002356,4028,72665,-0.2,0.2,-0.1,0.1,0.46,0.2,0.66,6.8,5,3,28,21,31,6.2,,104,47,119,30,92,18,102,33,,,,,,,0.04,0.0,0.09,0.13,1.36,1.6,406,73,181,70,226,87,44,15,1.0,0.0
203,Jaydee,Canvot,Jaydee Canvot,Crystal Palace,DEF,2026-09-28 14:56:10.205677+00:00,10,8,4.8,0.2,360,0,0,1,8,0,0,0,0,0,0,0,38,83.0,25.3,7.0,11.5,3.0,0,0.6,2.1,2.5,5706,19466,364,816,-0.2,0.2,-0.1,0.1,0.13,0.05,0.18,7.78,4,8,26,11,34,8.5,,111,50,197,64,277,97,191,68,,,,,,,0.01,0.0,0.03,0.04,1.94,2.0,420,79,122,53,189,75,334,126,1.0,0.25
84,Nathan,Collins,Nathan Collins,Brentford,DEF,2026-09-28 14:56:10.205677+00:00,10,0,5.4,1.0,196,0,0,1,1,0,0,0,1,0,0,0,39,40.6,22.4,51.0,11.4,1.0,0,0.2,1.9,3.3,58732,156314,113,8958,-0.1,0.1,0.0,0.0,0.05,0.51,0.56,2.13,3,2,15,11,17,7.81,Calf injury - Unknown return date,214,86,211,69,91,17,193,70,,,,,,,0.23,0.0,0.02,0.25,0.98,0.46,187,23,265,98,123,51,183,69,1.38,0.46
415,Patrick,Dorgu,Patrick Dorgu,Man Utd,MID,2026-09-28 14:56:10.205677+00:00,10,4,5.8,0.5,171,0,1,0,6,0,0,0,1,0,0,0,27,49.2,44.1,72.0,15.6,2.5,0,0.4,1.7,2.0,13988,97270,1018,3733,-0.2,0.2,0.0,0.0,0.09,0.78,0.87,3.38,2,8,8,4,20,10.53,Hamstring injury - 75% chance of playing,197,84,141,89,60,37,129,69,,,,,,,0.41,0.0,0.05,0.46,1.78,3.16,111,71,162,68,240,106,245,80,1.05,0.0
247,Hayden,Hackney,Hayden Hackney,Everton,MID,2026-09-28 14:56:10.205677+00:00,10,1,5.4,0.2,137,0,1,1,1,0,0,0,0,0,0,0,39,40.4,50.0,21.0,11.1,2.0,0,0.4,1.9,2.0,3736,11885,185,1045,-0.1,0.1,-0.1,0.1,0.13,0.05,0.18,3.91,1,3,4,5,12,7.88,,216,93,120,80,185,98,197,94,3.0,,,,,,0.03,0.0,0.09,0.12,2.57,0.66,185,116,198,87,235,104,342,121,0.66,0.66
46,Ross,Barkley,Ross Barkley,Aston Villa,MID,2026-09-28 14:56:10.205677+00:00,10,1,5.0,0.3,308,0,0,1,8,0,0,0,0,0,0,0,66,42.4,82.3,31.0,15.6,2.0,0,0.4,2.0,2.0,16097,16189,540,1712,0.0,0.0,0.0,0.0,0.14,0.38,0.52,7.36,4,7,5,16,28,8.18,,211,89,58,47,150,78,128,68,4.0,,,,,,0.11,0.0,0.04,0.15,2.15,2.34,241,151,194,85,232,102,309,107,1.17,0.29
534,Trai,Hume,Trai Hume,Sunderland,DEF,2026-09-28 14:56:10.205677+00:00,10,1,4.3,2.8,206,0,0,1,2,0,0,0,0,0,0,0,44,32.2,59.0,23.0,11.5,2.0,0,0.5,2.3,2.5,37805,396343,1179,28668,-0.2,0.2,-0.1,0.1,0.29,0.14,0.43,4.57,2,10,3,12,13,5.68,,246,101,96,21,173,51,189,67,3.0,,,,,,0.06,0.0,0.13,0.19,2.0,0.87,582,157,191,73,187,73,107,41,0.87,0.44
106,Igor Thiago,Nascimento Rodrigues,Igor Thiago Thiago,Brentford,FWD,2026-09-28 14:56:10.205677+00:00,10,5,7.8,9.1,442,1,0,2,4,0,0,1,2,0,0,0,37,48.8,43.6,146.0,23.6,2.5,0,0.3,1.3,2.0,273818,1033111,53395,36203,-0.2,0.2,0.0,0.0,0.16,3.13,3.29,6.25,5,3,4,12,19,3.87,,198,15,144,15,12,6,60,11,,,,,1.0,,0.64,0.0,0.03,0.67,1.27,0.81,14,4,165,17,247,29,41,6,1.02,0.41
194,Brandon,Thomas-Asante,Brandon Thomas-Asante,Coventry City,FWD,2026-09-28 14:56:10.205677+00:00,9,4,5.0,0.8,227,0,0,1,6,0,0,0,0,0,0,0,43,29.8,4.5,49.0,8.4,2.0,0,0.4,1.8,1.8,58124,56617,7499,5592,0.0,0.0,0.0,0.0,0.06,0.34,0.39,4.98,2,3,12,12,27,10.7,,256,24,310,40,96,23,230,23,,,,,4.0,,0.13,0.0,0.02,0.15,1.97,2.38,271,53,195,19,254,30,202,33,0.79,0.4
617,Mohamed-Ali,Cho,Mohamed-Ali Cho,Hull City,MID,2026-09-28 14:56:10.205677+00:00,9,6,5.0,0.0,72,1,0,0,1,0,0,0,0,0,0,0,36,49.8,43.9,55.0,14.9,2.7,0,0.5,1.8,2.2,1773,755,337,143,0.0,0.0,0.0,0.0,0.36,0.79,1.15,0.98,0,0,1,1,2,2.5,,196,83,142,90,85,51,144,73,,,,,,,0.99,0.0,0.45,1.44,1.22,1.25,300,181,148,61,216,94,585,242,0.0,0.0
423,Luke,Shaw,Luke Shaw,Man Utd,DEF,2026-09-28 14:56:10.205677+00:00,9,2,4.3,7.7,335,0,1,0,5,0,0,0,1,0,0,0,54,92.6,91.6,17.0,20.1,2.0,0,0.5,2.1,2.2,100822,1306237,3338,74308,-0.2,0.2,-0.1,0.1,0.58,0.03,0.61,4.63,4,6,17,7,23,6.18,,90,41,48,8,206,62,87,26,3.0,,,,,,0.01,0.0,0.16,0.17,1.24,1.34,579,154,190,72,206,82,48,17,1.07,0.0
575,Caleb,Yirenkyi,Caleb Yirenkyi,Coventry City,MID,2026-09-28 14:56:10.205677+00:00,9,3,4.8,0.1,265,0,0,2,5,0,0,0,1,0,0,0,36,15.4,41.6,7.0,6.0,1.7,0,0.4,1.9,1.8,2932,13647,280,980,-0.2,0.2,-0.1,0.1,0.15,0.03,0.18,4.25,3,1,7,13,21,7.13,,298,128,150,96,278,143,271,120,,,,,,,0.01,0.0,0.05,0.06,1.44,1.7,421,256,220,99,253,111,372,134,1.02,0.68
644,Quinten,Timber,Quinten Timber,Crystal Palace,MID,2026-09-28 14:56:10.205677+00:00,9,3,5.0,0.0,253,0,0,1,5,0,0,0,0,0,0,0,45,37.8,29.1,34.0,10.0,3.0,0,0.6,1.8,3.0,4257,1484,434,292,0.0,0.0,0.0,0.0,0.06,0.24,0.3,5.56,3,11,6,10,27,9.6,,226,97,190,108,141,74,209,98,,,,,,,0.09,0.0,0.02,0.11,1.98,1.78,282,171,125,46,143,58,523,208,1.07,0.36
371,Ryan,Gravenberch,Ryan Gravenberch,Liverpool,MID,2026-09-28 14:56:10.205677+00:00,9,1,5.8,1.1,190,0,1,0,2,0,0,0,0,0,0,0,51,50.6,42.7,6.0,9.9,1.0,0,0.2,1.6,1.8,35686,130086,1148,8733,-0.2,0.2,-0.1,0.1,0.08,0.1,0.18,2.02,2,4,10,11,25,11.84,,194,81,145,92,292,150,212,100,,,,,,,0.05,0.0,0.04,0.09,0.96,0.95,104,67,273,125,257,113,171,53,0.95,0.0
398,Phil,Foden,Phil Foden,Man City,MID,2026-09-28 14:56:10.205677+00:00,9,0,6.9,1.8,217,0,2,0,2,0,0,0,1,1,0,1,52,57.6,122.3,45.0,22.3,-0.3,0,0.0,1.3,2.2,303440,564865,194,27143,-0.1,0.1,0.0,0.0,0.88,1.61,2.49,1.91,3,4,2,8,14,5.81,Suspended until 17 Oct,170,66,29,25,107,61,69,43,2.0,,2.0,,,,0.67,0.0,0.36,1.03,0.79,0.83,29,18,667,298,221,98,133,40,1.24,0.0
209,Brennan,Johnson,Brennan Johnson,Everton,MID,2026-09-28 14:56:10.205677+00:00,9,3,5.9,0.1,238,0,0,2,1,0,0,0,1,0,0,0,26,23.0,52.8,25.0,10.0,2.3,0,0.4,1.5,1.8,5271,10390,376,675,-0.1,0.1,0.0,0.0,0.22,1.03,1.25,3.73,3,7,8,11,26,9.83,,275,116,107,71,169,92,210,99,,,,,,,0.39,0.0,0.08,0.47,1.41,0.38,84,55,176,74,258,114,383,140,1.13,0.76
393,Abdukodir,Khusanov,Abdukodir Khusanov,Man City,DEF,2026-09-28 14:56:10.205677+00:00,9,0,5.4,1.4,268,0,0,1,2,0,0,0,1,0,0,0,53,51.6,12.6,4.0,6.8,1.7,0,0.3,1.7,3.0,26775,80335,1339,8689,-0.1,0.1,0.0,0.0,0.06,0.0,0.06,2.68,3,8,9,13,17,5.71,,188,78,260,95,311,115,256,97,,,,,,,0.0,0.0,0.02,0.02,0.9,0.67,212,29,223,82,148,62,158,64,1.01,0.34
104,Frank,Onyeka,Frank Onyeka,Coventry City,MID,2026-09-28 14:56:10.205677+00:00,9,3,4.9,0.1,314,0,0,1,7,0,0,0,0,0,0,0,34,19.4,4.7,21.0,4.5,2.3,0,0.5,1.8,2.2,3975,9560,165,433,-0.1,0.1,0.0,0.0,0.02,0.03,0.05,6.31,4,5,9,14,28,8.03,,286,122,308,158,182,97,300,135,,,,,,,0.01,0.0,0.01,0.02,1.81,2.01,365,220,169,72,211,92,422,156,1.15,0.29
522,Archie,Gray,Archie Gray,Spurs,MID,2026-09-28 14:56:10.205677+00:00,9,2,4.9,0.2,307,0,0,1,7,0,0,0,0,0,0,0,51,28.4,14.6,27.0,7.0,1.8,0,0.4,1.8,2.2,6826,13312,449,1141,-0.1,0.1,0.0,0.0,0.05,0.23,0.28,6.11,3,5,10,12,27,7.92,,258,107,245,130,159,84,248,110,,,,,,,0.07,0.0,0.01,0.08,1.79,2.05,392,236,213,95,214,93,345,123,0.88,0.29
167,Liam,Delap,Liam Delap,Nott'm Forest,FWD,2026-09-28 14:56:10.205677+00:00,9,1,5.6,2.7,277,1,0,1,3,0,0,0,2,0,0,0,49,40.0,68.6,71.0,17.9,2.7,0,0.5,1.6,2.2,311460,81316,24284,27744,0.1,-0.1,0.1,-0.1,0.35,0.89,1.24,2.62,3,2,5,10,17,5.52,,217,18,79,7,61,18,109,16,,,,,3.0,,0.29,0.0,0.11,0.4,0.85,0.97,121,31,151,15,219,22,108,17,0.97,0.32
51,George,Hemmings,George George Hemmings,Aston Villa,MID,2026-09-28 14:56:10.205677+00:00,9,1,4.5,1.2,297,0,0,1,7,0,0,0,0,0,0,0,34,25.2,42.1,25.0,9.1,1.8,0,0.4,2.0,1.8,115756,69222,3073,9289,0.0,0.0,0.0,0.0,0.16,0.07,0.23,6.26,4,6,3,10,19,5.76,,265,111,148,94,166,89,222,102,,,,,,,0.02,0.0,0.05,0.07,1.9,2.12,512,268,209,93,251,109,164,50,1.21,0.3
7,Myles,Lewis-Skelly,Myles Lewis-Skelly,Arsenal,MID,2026-09-28 14:56:10.205677+00:00,9,0,5.4,0.6,271,0,0,2,1,0,0,0,0,0,0,0,37,21.6,40.2,16.0,7.0,1.5,0,0.3,1.7,2.2,29548,49633,871,4829,-0.1,0.1,-0.1,0.1,0.23,0.16,0.39,1.02,4,1,5,8,14,4.65,,279,119,157,100,213,116,252,112,,,,,,,0.05,0.0,0.08,0.13,0.34,0.33,202,126,237,105,218,96,240,76,1.33,0.66
57,Đorđe,Petrović,Đorđe Petrović,Bournemouth,GKP,2026-09-28 14:56:10.205677+00:00,9,2,4.5,3.0,450,0,0,0,8,0,0,0,0,0,11,0,45,92.2,0.0,0.0,9.2,1.3,0,0.3,2.0,1.8,111791,123837,5808,11166,0.0,0.0,0.0,0.0,0.0,0.0,0.0,6.95,5,0,6,43,0,0.0,,92,17,499,50,453,45,219,18,,,,,,,0.0,2.2,0.0,0.0,1.39,1.6,477,37,242,19,250,22,105,17,1.0,0.0
452,Bruno,Guimarães Rodriguez Moura,Bruno Bruno G.,Arsenal,MID,2026-09-28 14:56:10.205677+00:00,9,1,6.7,1.8,123,1,0,0,3,0,0,0,0,0,0,1,45,41.0,6.5,19.0,6.6,2.2,0,0.3,1.3,3.0,30204,244360,5258,7287,-0.3,0.3,0.0,0.0,0.16,0.09,0.25,2.18,1,1,3,8,12,8.78,,213,91,290,145,200,111,261,116,4.0,,,,4.0,,0.07,0.0,0.12,0.19,1.6,2.2,32,21,188,81,158,67,135,41,0.73,0.0
28,Emiliano,Martínez Romero,Emiliano Martinez,Chelsea,GKP,2026-09-28 14:56:10.205677+00:00,9,2,5.0,4.7,360,0,0,0,10,0,0,0,0,0,18,0,61,145.0,30.0,0.0,17.5,2.2,0,0.4,1.8,2.2,244889,245773,7122,21192,0.0,0.0,0.0,0.0,0.01,0.0,0.01,7.49,4,0,1,37,0,0.0,,24,4,184,1,559,61,112,1,,,,,,,0.0,4.5,0.0,0.0,1.87,2.5,242,6,183,18,215,18,77,11,1.0,0.0
102,Yehor,Yarmoliuk,Yehor Yarmoliuk,Brentford,MID,2026-09-28 14:56:10.205677+00:00,9,3,4.8,0.6,216,0,1,1,4,0,0,0,1,0,0,0,50,53.0,60.5,20.0,13.4,2.0,0,0.4,1.9,1.8,5727,61477,1274,3127,-0.2,0.2,0.0,0.0,0.3,0.1,0.4,4.58,2,5,7,14,26,10.83,,181,72,93,65,188,101,164,84,,,,,,,0.04,0.0,0.12,0.16,1.91,1.67,416,254,192,83,252,110,224,71,0.83,0.42
519,Conor,Gallagher,Conor Gallagher,Spurs,MID,2026-09-28 14:56:10.205677+00:00,9,6,5.3,0.2,134,1,0,1,2,0,0,0,1,0,0,0,48,48.6,12.2,36.0,9.6,2.2,0,0.4,1.7,3.0,4628,17007,772,619,-0.2,0.2,0.0,0.0,0.12,0.37,0.49,2.65,2,8,1,9,18,12.09,,199,85,263,136,135,73,216,101,,,,,,,0.25,0.0,0.08,0.33,1.78,1.34,219,137,184,78,144,59,338,119,1.34,0.67
499,Pedro,Porro Sauceda,Pedro Pedro Porro,Spurs,DEF,2026-09-28 14:56:10.205677+00:00,9,1,5.4,7.6,198,0,0,1,2,0,0,0,0,0,0,1,33,22.6,47.6,28.0,9.8,2.2,0,0.4,1.7,3.0,124413,989290,1639,71542,-0.1,0.1,0.0,0.0,0.16,0.37,0.53,1.68,3,3,6,5,9,4.09,Hamstring injury - 75% chance of playing,276,113,127,33,158,47,213,75,1.0,,1.0,,,,0.17,0.0,0.07,0.24,0.76,0.91,190,24,185,71,146,61,49,18,1.36,0.45
36,Ian,Maatsen,Ian Maatsen,Aston Villa,DEF,2026-09-28 14:56:10.205677+00:00,9,0,4.4,0.5,335,0,0,1,7,0,0,0,1,0,0,1,22,34.8,24.5,43.0,10.2,2.2,0,0.5,2.0,2.2,31890,61648,48,5910,-0.1,0.1,-0.1,0.1,0.45,0.28,0.73,6.54,4,7,17,10,24,6.45,Ankle injury - Unknown return date,236,95,200,65,109,24,207,74,,,,,,,0.08,0.0,0.12,0.2,1.76,1.88,562,147,179,68,207,83,249,94,1.07,0.27
643,Ben,Chilwell,Ben Chilwell,Crystal Palace,DEF,2026-09-28 14:56:10.205677+00:00,8,0,4.5,0.4,29,1,0,0,1,0,0,0,0,0,0,0,21,33.4,4.2,21.0,5.9,2.7,0,0.6,1.8,4.0,43081,18026,527,2816,0.0,0.0,0.0,0.0,0.01,0.27,0.28,1.12,0,0,1,0,1,3.1,,241,97,312,110,179,55,272,102,,,,,,,0.84,0.0,0.03,0.87,3.48,3.1,444,92,146,58,88,38,260,96,0.0,0.0
462,Sean,Steur,Sean Steur,Newcastle,MID,2026-09-28 14:56:10.205677+00:00,8,3,4.9,0.1,223,0,0,1,5,0,0,0,0,0,0,0,42,35.4,52.2,0.0,8.8,1.8,0,0.4,1.6,1.6,2414,6158,258,361,-0.1,0.1,0.0,0.0,0.06,0.0,0.06,4.23,2,4,9,8,21,8.48,,235,101,112,74,556,235,225,103,,,,,,,0.0,0.0,0.02,0.02,1.71,2.02,403,246,214,96,265,117,453,176,0.81,0.4
52,Alysson Edward Franco,da Rocha dos Santos,Alysson Edward Franco Alysson,Aston Villa,MID,2026-09-28 14:56:10.205677+00:00,8,0,5.0,0.0,87,1,0,0,2,0,0,0,1,0,0,0,34,39.8,4.9,25.0,7.0,1.8,0,0.4,1.6,2.0,3352,3612,66,749,0.0,0.0,0.0,0.0,0.0,0.06,0.06,2.4,0,2,2,4,8,8.28,Unspecified injury - 75% chance of playing,218,94,305,156,168,91,249,111,,,,,,,0.06,0.0,0.0,0.06,2.48,2.07,334,201,215,97,234,103,498,195,0.0,0.0
417,Diogo,Dalot Teixeira,Diogo Dalot,Man Utd,DEF,2026-09-28 14:56:10.205677+00:00,8,2,4.9,1.6,346,0,0,0,4,0,0,0,1,0,0,0,46,43.6,107.7,49.0,20.2,1.8,0,0.4,1.6,1.6,25938,135667,1159,7172,-0.1,0.1,0.0,0.0,0.23,0.24,0.47,4.7,4,6,10,21,16,4.16,,206,82,38,6,95,20,85,24,,,,,,,0.06,0.0,0.06,0.12,1.22,1.04,355,61,210,77,264,94,141,57,1.04,0.0
148,Jorrel,Hato,Jorrel Hato,Chelsea,DEF,2026-09-28 14:56:10.205677+00:00,8,0,4.5,0.8,258,0,2,0,9,0,0,0,0,0,0,0,14,77.0,47.1,15.0,14.0,1.8,0,0.4,1.8,2.0,91174,59429,779,7102,0.0,0.0,0.0,0.0,0.21,0.01,0.22,4.81,4,7,11,9,18,6.28,,119,53,131,36,218,70,158,55,,,,,,,0.0,0.0,0.07,0.07,1.68,3.14,502,125,208,76,225,86,199,77,1.4,0.0
199,Walter,Benítez,Walter Benitez,Crystal Palace,GKP,2026-09-28 14:56:10.205677+00:00,8,6,4.5,0.1,180,0,0,1,3,0,0,0,0,0,5,0,29,37.4,0.0,0.0,3.8,2.7,0,0.6,1.8,4.0,3729,4758,637,341,0.0,0.0,0.0,0.0,0.0,0.0,0.0,2.99,2,0,2,11,0,0.0,,228,21,480,40,430,35,311,21,,,,,,,0.0,2.5,0.0,0.0,1.5,1.5,436,27,145,15,86,7,394,44,1.0,0.5
403,Sávio,Moreira de Oliveira,Sávio Sávio,Spurs,MID,2026-09-28 14:56:10.205677+00:00,8,2,6.5,0.7,240,0,0,2,3,0,0,0,0,0,0,0,66,51.4,130.0,96.0,27.8,2.0,0,0.3,1.2,2.7,99603,79233,2691,6470,0.0,0.0,0.0,0.0,0.7,0.41,1.11,2.76,3,0,3,8,11,4.12,,191,79,25,23,40,23,41,30,2.0,,,,,,0.15,0.0,0.26,0.41,1.04,1.12,41,28,205,92,178,77,222,70,1.12,0.75
473,Ola,Aina,Ola Aina,Nott'm Forest,DEF,2026-09-28 14:56:10.205677+00:00,8,0,4.4,2.4,306,0,0,1,3,0,0,0,2,0,0,0,45,58.2,53.3,15.0,12.7,1.0,0,0.2,1.8,2.0,69133,169486,1020,19699,-0.1,0.1,-0.1,0.1,0.53,0.04,0.57,3.72,4,10,12,14,22,6.47,,168,72,105,26,216,68,173,61,,,,,,,0.01,0.0,0.16,0.17,1.09,0.88,551,137,253,92,224,85,120,47,1.18,0.29
145,Wesley,Fofana,Wesley Fofana,Chelsea,DEF,2026-09-28 14:56:10.205677+00:00,8,4,5.0,0.2,312,0,0,0,7,0,0,0,1,0,0,0,35,100.4,29.2,4.0,13.4,2.0,0,0.4,1.6,2.0,18444,8169,2338,1228,0.0,0.0,0.0,0.0,0.08,0.0,0.08,5.65,4,7,40,11,47,13.56,,78,35,189,60,308,112,165,58,,,,,,,0.0,0.0,0.02,0.02,1.63,2.02,280,45,196,74,233,89,330,123,1.15,0.0
461,Bazoumana,Touré,Bazoumana Touré,Newcastle,MID,2026-09-28 14:56:10.205677+00:00,8,1,5.8,0.1,50,1,0,0,1,0,0,0,0,0,0,0,29,37.6,5.3,21.0,6.4,2.0,0,0.3,1.4,2.7,3693,16427,310,820,-0.2,0.2,0.0,0.0,0.01,0.28,0.29,0.76,0,0,1,3,4,7.2,,227,98,301,152,187,100,265,118,,,,,,,0.5,0.0,0.02,0.52,1.37,1.8,112,72,202,90,177,76,380,138,0.0,0.0
514,Mathys,Tel,Mathys Tel,Spurs,MID,2026-09-28 14:56:10.205677+00:00,8,0,5.7,0.2,257,0,0,1,4,0,0,0,0,0,0,0,41,21.6,52.7,72.0,14.6,1.5,0,0.3,1.4,2.0,9125,46702,193,1885,-0.3,0.3,-0.1,0.1,0.23,0.21,0.44,5.55,3,1,1,11,13,4.55,,280,120,109,72,59,36,150,77,3.0,,3.0,,,,0.07,0.0,0.08,0.15,1.94,1.4,117,75,239,107,239,105,341,120,1.05,0.35
315,Abdul,Fatawu,Abdul Fatawu,Ipswich Town,MID,2026-09-28 14:56:10.205677+00:00,8,-1,5.4,0.2,352,0,1,0,10,0,0,0,2,1,0,0,71,64.8,133.7,41.0,24.0,1.5,0,0.3,1.5,1.6,5354,13228,52,2384,-0.1,0.1,0.0,0.0,1.11,0.17,1.28,7.79,5,9,8,11,28,7.16,Suspended until 17 Oct,148,53,23,22,120,67,56,37,2.0,,,,,,0.04,0.0,0.28,0.32,1.99,2.56,206,130,238,106,268,120,362,130,1.28,0.0
224,Eddie,Nketiah,Eddie Nketiah,Crystal Palace,FWD,2026-09-28 14:56:10.205677+00:00,8,1,5.5,0.5,175,0,1,0,7,0,0,0,0,0,0,0,38,34.2,46.4,50.0,13.0,1.7,0,0.3,1.5,2.0,47163,49843,1182,3196,0.0,0.0,0.0,0.0,0.6,1.1,1.7,4.51,3,4,2,6,12,6.17,,240,22,135,13,93,22,169,20,,,,,,,0.57,0.0,0.31,0.88,2.32,3.6,136,36,224,25,237,23,246,39,1.54,0.0
401,Omar,Marmoush,Omar Marmoush,Spurs,FWD,2026-09-28 14:56:10.205677+00:00,8,2,7.0,2.1,339,0,0,2,5,0,0,0,0,0,0,0,37,18.0,55.5,58.0,12.9,2.0,0,0.3,1.1,2.0,232537,161875,10058,20742,0.0,0.0,0.0,0.0,0.15,0.38,0.53,3.84,4,2,0,11,13,3.45,,289,29,103,9,77,20,170,21,8.0,,4.0,,2.0,,0.1,0.0,0.04,0.14,1.02,1.33,27,9,206,22,245,27,124,20,1.06,0.53
71,Lewis,Cook,Lewis Cook,Bournemouth,MID,2026-09-28 14:56:10.205677+00:00,8,1,5.0,0.2,180,0,0,2,1,0,0,0,1,0,0,0,25,11.8,15.8,0.0,2.8,0.7,0,0.1,1.6,1.6,13090,13893,256,1112,0.0,0.0,0.0,0.0,0.01,0.0,0.01,4.2,2,1,7,6,14,7.0,,312,138,234,126,563,239,327,153,,,,,,,0.0,0.0,0.0,0.0,2.1,0.5,249,155,300,139,266,118,354,127,1.0,1.0
562,Daizen,Maeda,Daizen Maeda,Ipswich Town,MID,2026-09-28 14:56:10.205677+00:00,8,1,5.3,0.2,259,0,0,0,8,0,0,0,0,0,0,0,32,31.0,5.5,47.0,8.1,1.5,0,0.3,1.5,1.6,2853,20167,125,1397,-0.2,0.2,-0.1,0.1,0.02,0.71,0.73,6.05,3,8,8,4,20,6.95,,251,103,300,151,102,57,236,107,,,,,,,0.25,0.0,0.01,0.26,2.1,2.78,223,141,235,104,267,119,320,113,1.04,0.0
439,Benjamin,Sesko,Benjamin Šeško,Man Utd,FWD,2026-09-28 14:56:10.205677+00:00,8,0,7.0,1.6,76,1,0,0,3,0,0,0,0,0,0,0,39,34.6,11.9,36.0,8.2,1.8,0,0.3,1.1,2.0,103953,132628,6514,22955,0.0,0.0,0.0,0.0,0.01,0.39,0.4,2.0,0,0,0,5,5,5.92,Shin injury - 75% chance of playing,239,21,266,33,137,27,235,24,,,,,,,0.46,0.0,0.01,0.47,2.37,3.55,28,10,219,24,246,28,142,22,0.0,0.0
37,Victor,Lindelöf,Victor Lindelöf,Aston Villa,DEF,2026-09-28 14:56:10.205677+00:00,8,1,4.5,0.3,450,0,0,1,9,1,0,0,0,0,0,0,28,74.4,37.3,37.0,14.9,2.5,0,0.6,1.8,1.6,14557,14240,957,1217,0.0,0.0,0.0,0.0,0.17,0.44,0.61,9.22,5,1,21,7,22,4.4,,123,56,163,44,132,37,142,49,,,,,,,0.09,0.0,0.03,0.12,1.84,1.8,447,94,154,60,263,93,284,104,1.0,0.2
576,Elliot,Stroud,Elliot Stroud,Hull City,MID,2026-09-28 14:56:10.205677+00:00,7,0,5.0,0.1,249,0,0,2,1,0,0,0,1,0,0,0,17,8.4,22.7,12.0,3.8,1.3,0,0.3,1.4,1.8,3660,4668,138,445,0.0,0.0,0.0,0.0,0.05,0.06,0.11,4.32,4,5,3,12,20,7.23,,335,155,207,117,239,125,312,141,,,,,,,0.02,0.0,0.02,0.04,1.56,0.36,326,197,244,110,255,112,442,169,1.45,0.72
627,Bradley,Barcola,Bradley Barcola,Liverpool,MID,2026-09-28 14:56:10.205677+00:00,7,3,8.0,1.9,168,0,0,2,0,0,0,0,0,0,0,0,22,10.8,27.4,31.0,7.0,2.3,0,0.3,0.9,2.3,286888,129284,9426,18038,0.0,0.0,0.0,0.0,0.13,0.26,0.39,1.43,2,3,0,5,8,4.29,,321,144,192,110,153,81,254,113,,,,,,,0.14,0.0,0.07,0.21,0.77,0.0,9,6,178,76,205,88,130,38,1.07,1.07
337,Brenden,Aaronson,Brenden Aaronson,Leeds,MID,2026-09-28 14:56:10.205677+00:00,7,1,5.3,0.5,194,0,0,1,3,0,0,0,0,0,0,0,36,11.8,3.7,9.0,2.5,1.0,0,0.2,1.3,1.4,6768,47958,205,3229,-0.2,0.2,-0.1,0.1,0.02,0.01,0.03,3.78,2,3,1,11,15,6.96,,313,139,318,161,264,136,337,158,,,4.0,,,,0.0,0.0,0.01,0.01,1.75,1.39,221,139,263,118,277,124,253,82,0.93,0.46
536,Reinildo,Mandava,Reinildo Reinildo,Sunderland,DEF,2026-09-28 14:56:10.205677+00:00,7,0,4.4,0.3,360,0,0,1,5,0,0,0,0,1,0,0,37,53.8,36.4,6.0,9.5,1.5,0,0.3,1.6,1.8,4036,24329,173,1529,-0.1,0.1,-0.1,0.1,0.32,0.0,0.32,5.05,4,8,21,18,29,7.25,,178,75,166,46,283,100,217,77,,,,,,,0.0,0.0,0.08,0.08,1.26,1.25,560,145,228,84,248,91,308,115,1.0,0.25
564,Kjell,Scherpen,Kjell Scherpen,Ipswich Town,GKP,2026-09-28 14:56:10.205677+00:00,7,0,4.5,0.6,360,0,0,0,10,0,0,0,0,0,15,0,40,103.6,0.0,0.0,10.3,1.2,0,0.3,1.6,1.8,15138,23273,571,2696,0.0,0.0,0.0,0.0,0.01,0.0,0.01,6.74,4,0,8,39,0,0.0,,75,14,492,47,443,42,205,14,,,,,,,0.0,3.75,0.0,0.0,1.68,2.5,462,34,249,20,249,21,238,35,1.0,0.0
581,Ousmane,Diomande,Ousmane Diomande,Nott'm Forest,DEF,2026-09-28 14:56:10.205677+00:00,7,2,5.4,0.5,163,0,0,0,2,0,0,0,0,0,0,0,17,32.4,1.0,19.0,5.2,2.3,0,0.4,1.3,2.3,13562,41612,1440,2147,-0.1,0.1,0.0,0.0,0.01,0.16,0.17,1.45,2,1,18,10,19,10.49,,245,100,357,131,196,58,288,108,,,,,,,0.09,0.0,0.01,0.1,0.8,1.1,210,28,172,66,204,81,243,92,1.1,0.0
347,Lukas,Nmecha,Lukas Nmecha,Leeds,FWD,2026-09-28 14:56:10.205677+00:00,7,1,5.4,0.5,64,0,1,0,1,0,0,0,0,0,0,0,28,20.4,22.4,15.0,5.7,1.8,0,0.3,1.3,1.8,22077,36996,1883,3575,-0.1,0.1,0.0,0.0,0.15,0.27,0.42,2.9,0,1,0,3,4,5.62,,284,26,210,24,222,32,278,31,,,,,2.0,,0.38,0.0,0.21,0.59,4.08,1.41,170,41,216,23,256,31,258,44,0.0,0.0
525,Mateus,Fernandes,Mateus Fernandes,Spurs,MID,2026-09-28 14:56:10.205677+00:00,7,1,5.7,0.8,249,0,0,1,4,0,0,0,1,0,0,0,50,24.2,92.6,34.0,14.6,1.5,0,0.3,1.2,1.4,14423,124448,442,6361,-0.3,0.3,-0.1,0.1,0.28,0.19,0.47,4.43,3,7,2,12,21,7.59,,271,114,46,39,142,75,151,78,4.0,,,,,,0.07,0.0,0.1,0.17,1.6,1.45,118,76,240,108,278,125,204,64,1.08,0.36
329,Joe,Rodon,Joe Rodon,Leeds,DEF,2026-09-28 14:56:10.205677+00:00,7,0,4.3,0.8,123,0,0,1,0,0,0,0,0,0,0,0,25,23.0,14.7,7.0,4.5,0.2,0,0.0,1.6,3.5,26937,296470,43,8465,-0.2,0.2,-0.1,0.1,0.06,0.03,0.09,1.01,2,1,10,2,11,8.05,Hamstring injury - Expected back 21 Nov,274,112,241,84,274,96,299,112,,,,,,,0.02,0.0,0.04,0.06,0.74,0.0,581,156,362,126,116,46,203,78,1.46,0.73
328,Pascal,Struijk,Pascal Struijk,Brighton,DEF,2026-09-28 14:56:10.205677+00:00,7,5,4.9,0.2,98,0,0,1,0,0,0,0,1,0,0,0,31,32.2,1.5,7.0,4.0,1.8,0,0.4,1.4,2.3,5665,12043,636,792,-0.1,0.1,0.0,0.0,0.01,0.16,0.17,1.7,1,1,9,6,10,9.18,Hamstring injury - 75% chance of playing,247,102,344,123,279,98,306,115,,,,,,,0.15,0.0,0.01,0.16,1.56,0.0,357,62,211,78,201,80,348,130,0.92,0.92
512,Mohammed,Kudus,Mohammed Kudus,Spurs,MID,2026-09-28 14:56:10.205677+00:00,7,4,6.5,0.2,123,0,1,0,3,0,0,0,0,0,0,0,49,37.2,48.7,26.0,11.2,1.8,0,0.3,1.1,1.8,12904,11015,2110,1060,0.0,0.0,0.0,0.0,0.42,0.11,0.53,1.46,0,3,0,11,14,10.24,,229,99,123,82,165,88,196,93,7.0,,6.0,,3.0,,0.08,0.0,0.31,0.39,1.07,2.2,40,27,218,98,259,115,365,131,0.0,0.0
456,Jacob,Ramsey,Jacob J.Ramsey,Newcastle,MID,2026-09-28 14:56:10.205677+00:00,7,0,4.9,0.2,69,1,0,0,1,0,0,0,1,0,0,0,26,40.4,6.3,21.0,6.7,1.8,0,0.4,1.4,2.3,16600,30757,54,4554,-0.1,0.1,0.0,0.0,0.16,0.17,0.33,1.92,0,2,3,6,11,14.35,Thigh injury - Unknown return date,215,92,291,146,181,96,257,114,,,,,,,0.22,0.0,0.21,0.43,2.5,1.3,360,216,212,94,202,87,310,108,0.0,0.0
130,Mats,Wieffer,Mats Wieffer,Brighton,DEF,2026-09-28 14:56:10.205677+00:00,7,0,4.9,0.2,156,0,0,1,4,0,0,0,0,0,0,1,38,37.0,35.5,10.0,8.3,0.0,0,0.0,1.4,3.5,25943,43317,28,1885,-0.1,0.1,0.0,0.0,0.13,0.12,0.25,3.18,2,4,11,9,15,8.65,Knee injury - Unknown return date,230,91,170,50,255,87,231,84,,,,,,,0.07,0.0,0.08,0.15,1.83,2.31,374,67,563,205,119,48,349,131,1.15,0.58
320,Chuba,Akpom,Chuba Akpom,Ipswich Town,FWD,2026-09-28 14:56:10.205677+00:00,7,1,5.0,1.2,78,1,0,0,4,0,0,0,0,0,0,0,36,34.6,2.5,24.0,6.1,1.5,0,0.3,1.4,2.3,130779,73704,4823,9271,0.0,0.0,0.0,0.0,0.0,1.14,1.14,4.2,0,1,0,2,3,3.46,,238,20,326,42,170,29,267,28,,,,,,,1.32,0.0,0.0,1.32,4.85,4.62,246,51,232,26,203,21,165,26,0.0,0.0
506,Destiny,Udogie,Destiny Udogie,Spurs,DEF,2026-09-28 14:56:10.205677+00:00,7,0,4.4,0.3,86,0,0,1,1,0,0,0,1,0,0,0,21,9.8,13.5,4.0,2.7,1.5,0,0.3,1.6,2.3,5561,22386,322,1556,-0.1,0.1,0.0,0.0,0.23,0.0,0.23,1.17,1,1,3,4,4,4.19,,326,123,256,93,303,108,328,118,,,,,,,0.0,0.0,0.24,0.24,1.22,1.05,567,150,229,85,200,79,281,103,1.05,1.05
526,Dominic,Solanke-Mitchell,Dominic Solanke,Spurs,FWD,2026-09-28 14:56:10.205677+00:00,7,2,5.8,0.8,170,0,0,1,1,0,0,0,0,0,0,0,21,8.4,17.5,37.0,6.1,1.5,0,0.3,1.2,1.4,29291,94492,1744,5441,-0.2,0.2,0.0,0.0,0.01,0.56,0.57,2.57,2,2,2,5,9,4.76,,336,33,227,26,134,25,268,29,,,,,1.0,,0.3,0.0,0.01,0.31,1.36,0.53,97,26,241,27,279,32,200,32,1.06,0.53
95,Dango,Ouattara,Dango O.Dango,Brentford,MID,2026-09-28 14:56:10.205677+00:00,7,1,6.3,0.5,179,0,0,1,1,0,0,0,0,0,0,0,34,25.4,59.3,23.0,10.8,1.0,0,0.2,1.1,1.4,15130,82074,769,3495,-0.2,0.2,0.0,0.0,0.39,0.09,0.48,2.81,2,2,9,17,28,14.08,,264,110,95,67,175,94,200,96,4.0,,,,,,0.05,0.0,0.2,0.25,1.41,0.5,51,35,276,126,280,126,255,84,1.01,0.5
246,Merlin,Röhl,Merlin Röhl,Everton,MID,2026-09-28 14:56:10.205677+00:00,6,0,4.9,0.0,249,0,0,1,2,0,0,0,1,0,0,0,35,26.6,32.1,2.0,6.1,0.3,0,0.1,1.2,2.0,1962,4668,7,568,-0.1,0.1,0.0,0.0,0.2,0.0,0.2,4.52,3,5,6,13,24,8.67,Unspecified injury - Expected back 11 Oct,261,108,181,106,325,161,266,119,,,,,,,0.0,0.0,0.07,0.07,1.63,0.72,386,230,342,159,230,100,529,212,1.08,0.36
287,Liam,Millar,Liam Millar,Hull City,MID,2026-09-28 14:56:10.205677+00:00,6,0,5.0,0.0,50,1,0,0,0,0,0,0,1,0,0,0,26,36.0,1.1,15.0,5.2,0.0,0,0.0,1.2,3.0,3178,7501,0,281,0.0,0.0,0.0,0.0,0.0,0.58,0.58,0.87,0,1,2,1,4,7.2,Has joined Birmingham on loan for the rest of the season,233,100,354,177,219,118,287,129,,,,,,,1.04,0.0,0.0,1.04,1.57,0.0,273,168,588,249,142,57,544,223,0.0,0.0
611,Aaron,Wan-Bissaka,Aaron Wan-Bissaka,Aston Villa,DEF,2026-09-28 14:56:10.205677+00:00,6,1,4.5,0.2,152,0,0,0,2,0,0,0,0,0,0,0,24,42.8,16.4,0.0,5.9,1.5,0,0.3,1.3,1.5,18231,7706,1378,1373,0.0,0.0,0.0,0.0,0.07,0.0,0.07,3.27,2,9,12,1,21,12.43,,209,85,232,80,437,175,273,103,,,,,,,0.0,0.0,0.04,0.04,1.94,1.18,452,97,230,86,271,97,319,119,1.18,0.0
125,Georginio,Rutter,Georginio Georginio,Brighton,FWD,2026-09-28 14:56:10.205677+00:00,6,1,5.3,0.5,104,0,1,1,0,0,0,0,0,0,0,0,24,20.2,11.7,19.0,5.1,0.2,0,0.0,1.1,3.0,34499,76305,2502,3677,-0.2,0.2,-0.1,0.1,0.45,0.17,0.62,1.03,1,2,1,6,9,7.79,,285,27,268,35,194,31,289,32,,,,,,,0.15,0.0,0.39,0.54,0.89,0.0,226,50,372,42,145,13,257,43,0.87,0.87
238,Jack,Grealish,Jack Grealish,Everton,MID,2026-09-28 14:56:10.205677+00:00,6,3,6.5,0.5,135,0,0,1,1,0,0,0,0,0,0,0,36,21.6,71.7,20.0,11.4,1.7,0,0.3,0.9,1.5,40482,23111,3438,2827,0.0,0.0,0.0,0.0,0.44,0.02,0.46,1.67,1,3,2,8,13,8.67,,281,121,70,56,190,103,195,92,,,,,,,0.01,0.0,0.29,0.3,1.11,0.67,35,23,225,100,276,123,254,83,0.67,0.67
100,Fábio,Freitas Gouveia Carvalho,Fábio Carvalho,Brentford,MID,2026-09-28 14:56:10.205677+00:00,6,6,5.0,0.0,3,1,0,0,0,0,0,0,0,0,0,0,23,33.2,0.3,33.0,6.7,1.5,0,0.3,1.2,6.0,1887,1446,589,168,0.0,0.0,0.0,0.0,0.0,0.43,0.43,0.13,0,0,0,0,0,0.0,,242,102,381,190,143,76,258,115,,,,,,,12.9,0.0,0.0,12.9,3.9,0.0,275,169,234,103,27,12,554,228,0.0,0.0
419,Lisandro,Martínez,Lisandro Martinez,Man Utd,DEF,2026-09-28 14:56:10.205677+00:00,6,0,5.0,1.3,360,0,0,0,6,1,0,0,0,0,0,0,29,66.4,18.8,32.0,11.8,1.5,0,0.3,1.2,1.5,36444,67006,3518,6153,0.0,0.0,0.0,0.0,0.16,0.21,0.37,5.79,4,3,17,14,20,5.0,,142,64,221,75,147,42,184,66,,,,,,,0.05,0.0,0.04,0.09,1.45,1.5,267,42,233,87,272,98,162,65,1.0,0.0
592,Abdoul,Ouattara,Abdoul Ouattara,Ipswich Town,DEF,2026-09-28 14:56:10.205677+00:00,6,2,4.0,0.9,131,0,0,0,2,0,0,0,0,0,0,0,29,31.6,36.2,9.0,7.6,1.2,0,0.3,1.5,1.2,13434,26113,649,1977,0.0,0.0,0.0,0.0,0.03,0.02,0.05,3.13,1,4,7,14,11,7.56,,249,104,167,47,260,90,240,90,,,,,,,0.01,0.0,0.02,0.03,2.15,1.37,647,198,248,89,289,100,198,76,0.69,0.0
640,Zian,Flemming,Zian Flemming,Ipswich Town,FWD,2026-09-28 14:56:10.205677+00:00,6,0,5.5,0.1,60,1,0,0,1,0,0,0,1,0,0,0,34,38.2,12.1,55.0,10.5,2.0,0,0.4,1.1,2.0,9209,3174,847,952,0.0,0.0,0.0,0.0,0.01,0.64,0.65,0.63,0,1,1,3,5,7.5,,224,19,264,32,86,21,203,22,,,,,,,0.96,0.0,0.02,0.98,0.94,1.5,141,37,200,20,238,24,457,66,0.0,0.0
175,Milan,van Ewijk,Milan van Ewijk,Coventry City,DEF,2026-09-28 14:56:10.205677+00:00,6,0,4.0,8.8,360,0,0,0,10,0,0,0,1,0,0,0,7,61.6,52.7,14.0,12.8,1.0,0,0.2,1.5,1.5,123041,497747,1136,73073,0.0,0.0,0.0,0.0,0.3,0.0,0.3,7.53,4,6,21,13,27,6.75,Hamstring injury - 75% chance of playing,160,67,108,28,224,72,171,60,,,,,,,0.0,0.0,0.08,0.08,1.88,2.5,623,179,251,90,269,95,42,13,1.0,0.0
656,Stephen,Mfuni,Stephen Mfuni,Coventry City,DEF,2026-09-28 14:56:10.205677+00:00,6,6,4.0,0.1,90,0,0,1,0,0,0,0,0,0,0,0,27,17.6,0.7,4.0,2.2,3.0,0,0.8,1.5,6.0,10083,2628,1771,827,0.0,0.0,0.0,0.0,0.01,0.0,0.01,1.1,1,1,7,3,8,8.0,,291,116,364,134,302,107,342,121,,,,,,,0.0,0.0,0.01,0.01,1.1,0.0,645,196,116,47,25,10,418,153,1.0,1.0
309,Marcelino,Núñez,Marcelino Núñez,Ipswich Town,MID,2026-09-28 14:56:10.205677+00:00,6,0,4.9,0.1,140,0,0,0,4,0,0,0,0,0,0,0,32,24.6,19.4,6.0,5.0,0.5,0,0.1,1.2,3.0,3107,7609,90,602,-0.1,0.1,0.0,0.0,0.05,0.03,0.08,3.48,2,3,8,10,21,13.5,,269,113,220,120,288,148,291,130,3.0,,1.0,,,,0.02,0.0,0.03,0.05,2.24,2.57,383,228,318,147,139,55,411,150,1.29,0.0
97,Mathias,Jensen,Mathias Jensen,Brentford,MID,2026-09-28 14:56:10.205677+00:00,6,0,5.4,0.1,66,0,1,1,0,0,0,0,0,0,0,0,22,12.6,46.2,13.0,7.2,0.0,0,0.0,1.1,6.0,4504,15045,19,611,-0.1,0.1,0.0,0.0,0.34,0.08,0.42,0.47,1,2,0,3,5,6.82,Unspecified injury - Expected back 10 Oct,309,136,136,87,234,121,247,109,1.0,,2.0,,3.0,,0.11,0.0,0.46,0.57,0.64,0.0,177,112,623,270,29,13,425,158,1.36,1.36
32,Matty,Cash,Matty Cash,Aston Villa,DEF,2026-09-28 14:56:10.205677+00:00,6,-1,4.4,4.8,296,0,0,1,7,0,0,0,2,0,0,0,16,36.4,22.3,13.0,7.2,1.8,0,0.4,1.4,1.5,95183,418190,2532,24201,-0.1,0.1,0.0,0.0,0.04,0.15,0.19,5.95,3,6,11,2,17,5.17,,232,93,212,70,230,76,246,94,3.0,,,,,,0.05,0.0,0.01,0.06,1.81,2.13,554,140,207,75,270,96,76,30,0.91,0.3
387,Nico,O'Reilly,Nico O'Reilly,Man City,DEF,2026-09-28 14:56:10.205677+00:00,6,1,6.3,10.9,163,0,0,0,2,0,0,0,0,0,0,0,22,17.8,39.5,33.0,9.0,0.7,0,0.1,1.0,1.5,192335,1204337,4991,67826,-0.2,0.2,-0.1,0.1,0.43,0.87,1.3,2.1,2,3,2,9,5,2.76,,290,115,158,42,145,40,224,82,,,,,,,0.48,0.0,0.24,0.72,1.16,1.1,49,4,307,109,275,99,37,12,1.1,0.0
543,Habib,Diarra,Habib Diarra,Sunderland,MID,2026-09-28 14:56:10.205677+00:00,5,0,5.4,0.0,28,0,1,0,1,0,0,0,0,0,0,0,18,15.6,10.9,2.0,2.9,1.0,0,0.2,0.9,2.5,556,5899,18,216,-0.1,0.1,0.0,0.0,0.16,0.03,0.19,0.12,0,0,0,0,0,0.0,Hamstring injury - Unknown return date,297,127,271,138,332,166,325,152,,,,,1.0,,0.1,0.0,0.51,0.61,0.39,3.21,209,132,267,121,190,82,561,233,0.0,0.0
198,Dean,Henderson,Dean Henderson,Crystal Palace,GKP,2026-09-28 14:56:10.205677+00:00,5,0,5.0,1.3,270,0,0,0,8,0,0,0,0,0,12,0,37,96.8,0.0,0.0,9.6,0.7,0,0.1,1.0,1.7,55255,119451,129,10543,0.0,0.0,0.0,0.0,0.0,0.0,0.0,6.47,3,0,6,31,0,0.0,Foot injury - Expected back 11 Oct,82,16,589,64,565,63,214,17,,,,,,,0.0,4.0,0.0,0.0,2.16,2.67,252,8,301,21,261,23,159,24,1.0,0.0
75,Ryan,Christie,Ryan Christie,Bournemouth,MID,2026-09-28 14:56:10.205677+00:00,5,2,5.0,0.0,102,0,0,0,2,0,0,0,0,0,0,0,15,9.4,17.1,31.0,5.2,1.3,0,0.3,1.0,1.2,3538,2181,283,236,0.0,0.0,0.0,0.0,0.13,0.5,0.63,1.64,1,1,3,10,14,12.35,,327,148,229,125,151,79,286,128,,,,,,,0.44,0.0,0.11,0.55,1.45,1.76,250,156,243,109,291,132,526,209,0.88,0.0
186,Ephron,Mason-Clark,Ephron Mason-Clark,Coventry City,MID,2026-09-28 14:56:10.205677+00:00,5,1,5.3,0.1,231,0,0,0,3,0,0,0,0,0,0,0,19,15.4,51.6,52.0,11.7,1.3,0,0.2,0.9,1.2,1109,5952,70,348,-0.2,0.2,-0.1,0.1,0.12,0.51,0.63,3.16,4,0,6,9,15,5.84,,299,129,113,75,89,53,187,91,,,,,,,0.2,0.0,0.05,0.25,1.23,1.17,220,138,245,111,292,133,440,167,1.56,0.0
583,Pep,Chavarría,Pep Chavarria,Chelsea,DEF,2026-09-28 14:56:10.205677+00:00,5,1,4.9,0.1,208,0,0,0,4,0,0,0,0,0,0,0,17,30.8,31.4,12.0,7.5,1.0,0,0.2,1.0,1.0,3350,11120,390,514,-0.1,0.1,0.0,0.0,0.07,0.04,0.11,4.1,1,5,11,7,16,6.92,,252,106,182,56,237,80,242,92,,,,,,,0.02,0.0,0.03,0.05,1.77,1.73,382,70,260,97,340,132,367,141,0.43,0.0
596,Matteo,Ruggeri,Matteo Ruggeri,Aston Villa,DEF,2026-09-28 14:56:10.205677+00:00,5,3,4.5,0.1,113,0,0,0,2,0,0,0,0,0,0,0,17,26.0,14.1,1.0,4.1,1.0,0,0.2,1.1,1.7,3121,5571,478,307,0.0,0.0,0.0,0.0,0.02,0.03,0.05,2.05,1,2,14,11,16,12.74,,262,107,249,89,336,126,303,113,,,,,,,0.02,0.0,0.02,0.04,1.63,1.59,483,118,255,94,260,92,433,157,0.8,0.0
190,Loum,Tchaouna,Loum Tchaouna,Coventry City,MID,2026-09-28 14:56:10.205677+00:00,5,1,5.4,0.1,211,0,0,0,3,0,0,0,0,0,0,0,32,25.4,50.5,46.0,12.3,0.7,0,0.1,0.9,1.2,3137,8207,21,330,-0.1,0.1,0.0,0.0,0.18,0.23,0.41,3.23,2,1,6,11,18,7.68,,263,109,116,78,103,58,178,88,3.0,,,,,,0.1,0.0,0.08,0.18,1.38,1.28,195,121,305,141,294,134,426,159,0.85,0.0
90,Aaron,Hickey,Aaron Hickey,Brentford,DEF,2026-09-28 14:56:10.205677+00:00,5,1,4.5,0.1,152,0,0,0,3,0,0,0,0,0,0,0,17,32.8,7.8,6.0,4.7,1.0,0,0.2,1.1,1.0,2090,2969,176,236,0.0,0.0,0.0,0.0,0.06,0.03,0.09,3.07,1,4,13,8,17,10.07,,244,99,285,103,284,101,298,111,,,,,,,0.02,0.0,0.04,0.06,1.82,1.78,480,117,254,93,320,123,459,163,0.59,0.0
260,Harry,Wilson,Harry Wilson,Leeds,MID,2026-09-28 14:56:10.205677+00:00,5,0,6.2,1.7,145,0,0,1,1,0,0,0,1,0,0,0,19,19.2,52.4,12.0,8.5,0.5,0,0.1,0.8,1.2,29041,455493,70,38791,-0.3,0.3,0.0,0.0,0.09,0.01,0.1,3.28,1,4,3,4,11,6.83,Thigh injury - Unknown return date,287,123,111,73,242,127,229,106,2.0,,2.0,,,,0.01,0.0,0.06,0.07,2.04,0.62,53,37,329,154,295,135,137,43,0.62,0.62
585,Lucas,Herrington,Lucas Herrington,Hull City,DEF,2026-09-28 14:56:10.205677+00:00,5,1,4.0,0.6,197,0,0,0,3,0,0,0,0,0,0,0,19,42.8,23.1,11.0,7.7,1.0,0,0.2,1.2,1.0,12797,18487,998,1600,0.0,0.0,0.0,0.0,0.04,0.02,0.06,3.36,1,2,14,6,16,7.31,,208,84,206,68,244,82,237,87,,,,,,,0.01,0.0,0.02,0.03,1.54,1.37,654,204,252,91,304,111,235,91,0.46,0.0
201,Daniel,Muñoz Mejía,Daniel Muñoz,Nott'm Forest,DEF,2026-09-28 14:56:10.205677+00:00,5,2,5.4,5.7,257,0,0,0,4,0,0,0,0,0,0,0,29,39.2,62.3,79.0,18.1,1.7,0,0.3,0.9,1.2,158058,482937,7500,28761,-0.1,0.1,0.0,0.0,0.21,0.6,0.81,2.59,3,7,8,8,15,5.25,,220,88,90,19,49,4,106,35,,,,,,,0.21,0.0,0.07,0.28,0.91,1.4,186,22,221,80,293,102,69,28,1.05,0.0
19,Martín,Zubimendi Ibáñez,Martín Zubimendi,Arsenal,MID,2026-09-28 14:56:10.205677+00:00,5,1,5.3,0.6,89,0,0,0,0,0,0,0,0,0,0,0,16,13.4,5.0,29.0,4.8,1.0,0,0.2,0.9,1.0,8493,66543,478,3600,-0.2,0.2,0.0,0.0,0.04,0.21,0.25,1.38,0,4,5,3,12,12.13,,303,131,303,154,155,82,295,133,,,,,,,0.21,0.0,0.04,0.25,1.4,0.0,228,143,264,119,366,166,236,73,0.0,0.0
151,Josh,Acheampong,Josh Acheampong,Chelsea,DEF,2026-09-28 14:56:10.205677+00:00,5,0,4.5,0.3,221,0,0,0,7,0,0,0,0,0,0,0,5,43.0,5.5,6.0,5.4,0.5,0,0.1,1.1,1.2,21107,22419,395,1860,0.0,0.0,0.0,0.0,0.03,0.0,0.03,4.72,2,7,13,7,20,8.14,,207,83,298,108,285,102,284,106,,,,,,,0.0,0.0,0.01,0.01,1.92,2.85,511,128,312,112,290,101,279,101,0.81,0.0
405,Nico,González Iglesias,Nico N.Gonzalez,Newcastle,MID,2026-09-28 14:56:10.205677+00:00,5,0,5.5,0.2,164,0,0,1,2,0,0,0,1,0,0,0,23,13.4,42.0,2.0,5.8,1.2,0,0.2,0.9,1.7,18024,16961,561,1792,0.0,0.0,0.0,0.0,0.21,0.0,0.21,2.34,3,0,3,9,12,6.59,,304,132,149,95,334,167,276,123,,,,,,,0.0,0.0,0.12,0.12,1.28,1.1,148,90,250,113,262,116,335,118,1.65,0.55
490,Chris,Wood,Chris Wood,Nott'm Forest,FWD,2026-09-28 14:56:10.205677+00:00,4,1,5.8,0.9,62,0,0,0,1,0,0,0,0,0,0,0,13,1.2,4.8,3.0,0.7,1.0,0,0.2,0.7,1.0,24400,116060,1821,6213,-0.2,0.2,0.0,0.0,0.01,0.12,0.13,0.53,0,0,0,1,1,1.45,,395,43,307,39,316,41,385,44,,,,,2.0,,0.17,0.0,0.01,0.18,0.77,1.45,96,25,272,30,389,45,191,30,0.0,0.0
369,Rio,Ngumoha,Rio Ngumoha,Liverpool,MID,2026-09-28 14:56:10.205677+00:00,4,0,5.7,0.5,99,0,0,0,2,0,0,0,0,0,0,0,13,4.4,8.1,11.0,2.1,0.3,0,0.1,0.7,1.3,14489,89117,711,4091,-0.3,0.3,-0.1,0.1,0.05,0.15,0.2,0.68,1,1,1,2,4,3.64,,366,171,284,142,251,131,347,164,,,,,,,0.14,0.0,0.05,0.19,0.62,1.82,120,77,356,171,286,131,256,85,0.91,0.0
488,Ibrahim,Sangaré,Ibrahim I.Sangaré,Nott'm Forest,MID,2026-09-28 14:56:10.205677+00:00,4,1,4.9,0.4,105,0,0,0,1,0,0,0,0,0,0,0,15,21.6,13.7,5.0,4.1,0.7,0,0.1,0.8,1.3,9183,68476,284,2897,-0.1,0.1,0.0,0.0,0.02,0.09,0.11,0.56,1,1,4,3,8,6.86,,278,118,253,133,293,151,305,138,,,,,,,0.08,0.0,0.02,0.1,0.48,0.86,351,213,296,136,282,128,261,86,0.86,0.0
589,Lucas,Gourna-Douath,Lucas Gourna-Douath,Hull City,MID,2026-09-28 14:56:10.205677+00:00,4,1,5.0,0.0,138,0,0,1,0,0,0,0,1,0,0,0,18,29.4,33.5,2.0,6.5,1.0,0,0.2,0.8,1.3,701,1340,32,105,0.0,0.0,0.0,0.0,0.03,0.03,0.06,2.26,1,5,5,7,17,11.09,,257,106,174,103,327,163,263,117,,,,,,,0.02,0.0,0.02,0.04,1.47,0.0,290,175,261,116,284,129,558,231,0.65,0.65
119,João Pedro,Loureiro da Costa,João Pedro Costinha,Brighton,DEF,2026-09-28 14:56:10.205677+00:00,4,1,4.5,0.0,68,0,0,0,0,0,0,0,1,0,0,0,18,16.4,20.0,18.0,5.4,0.8,0,0.2,0.9,0.8,1269,1454,164,129,0.0,0.0,0.0,0.0,0.3,0.12,0.42,1.02,0,1,6,1,7,9.26,,295,118,219,74,202,60,283,105,,,,,,,0.16,0.0,0.4,0.56,1.35,0.0,476,115,278,100,404,140,522,183,0.0,0.0
56,Tammy,Abraham,Tammy Abraham,Aston Villa,FWD,2026-09-28 14:56:10.205677+00:00,4,1,5.5,0.2,71,0,0,0,3,0,0,0,0,0,0,0,13,3.2,6.2,2.0,1.1,1.0,0,0.2,0.7,1.0,15628,12835,1580,1659,0.0,0.0,0.0,0.0,0.0,0.0,0.0,2.69,0,1,0,1,2,2.54,,377,39,294,38,333,43,375,42,,,,,,,0.0,0.0,0.0,0.0,3.41,3.8,130,35,268,29,384,44,337,54,0.0,0.0
182,Aurèle,Amenda,Aurèle Amenda,Coventry City,DEF,2026-09-28 14:56:10.205677+00:00,4,0,4.0,0.6,360,0,0,0,10,0,0,0,1,0,0,0,-3,62.8,14.5,15.0,9.4,0.7,0,0.2,1.0,1.0,11477,33398,32,6496,0.0,0.0,0.0,0.0,0.39,0.02,0.41,7.53,4,1,23,11,24,6.0,Calf injury - Unknown return date,154,66,246,87,215,67,218,78,,,,,,,0.0,0.0,0.1,0.1,1.88,2.5,638,189,292,106,302,109,231,89,1.0,0.0
450,Tino,Livramento,Tino Livramento,Newcastle,DEF,2026-09-28 14:56:10.205677+00:00,4,0,4.9,0.1,33,0,1,0,1,0,0,0,1,0,0,0,12,5.0,3.8,4.0,1.3,1.0,0,0.2,0.8,2.0,10225,5873,429,1433,-0.1,0.1,0.0,0.0,0.01,0.0,0.01,0.18,0,2,1,4,3,8.18,Unspecified injury - 75% chance of playing,360,135,317,114,306,111,369,130,,,,,,,0.0,0.0,0.03,0.03,0.49,2.73,367,65,258,96,229,88,415,152,0.0,0.0
195,Ellis,Simms,Ellis Simms,Coventry City,FWD,2026-09-28 14:56:10.205677+00:00,4,1,4.9,0.6,104,0,0,0,3,0,0,0,0,0,0,0,13,7.8,22.6,37.0,6.8,0.7,0,0.1,0.8,1.3,40187,64277,1683,5059,-0.1,0.1,-0.1,0.1,0.01,0.3,0.31,2.79,1,0,1,2,3,2.6,,342,34,208,22,133,24,255,26,,,,,,,0.26,0.0,0.01,0.27,2.41,2.6,356,64,297,33,283,33,225,36,0.87,0.0
463,Nick,Woltemade,Nick Woltemade,Newcastle,FWD,2026-09-28 14:56:10.205677+00:00,4,0,5.9,0.5,19,0,1,0,0,0,0,0,0,0,0,0,18,18.2,10.5,11.0,4.0,1.0,0,0.2,0.7,4.0,14520,141919,0,3484,-0.1,0.1,0.0,0.0,0.01,0.02,0.03,0.38,0,0,0,0,0,0.0,Has joined Juventus on loan for the rest of the season,288,28,276,36,252,36,308,34,,,,,,,0.09,0.0,0.05,0.14,1.8,0.0,90,23,275,32,97,10,252,42,0.0,0.0
14,Eberechi,Eze,Eberechi Eze,Arsenal,MID,2026-09-28 14:56:10.205677+00:00,4,1,6.2,1.0,85,0,0,0,0,0,0,0,0,0,0,0,18,3.0,5.9,9.0,1.6,0.8,0,0.1,0.6,1.0,23058,139376,2139,6532,-0.3,0.3,-0.1,0.1,0.09,0.04,0.13,1.33,0,0,0,5,5,5.29,,381,177,296,149,265,137,359,172,,,3.0,,,,0.04,0.0,0.1,0.14,1.41,0.0,56,39,290,133,395,189,174,56,0.0,0.0
17,Mikel,Merino Zazón,Mikel Merino,Arsenal,MID,2026-09-28 14:56:10.205677+00:00,4,1,5.8,0.4,81,0,0,0,0,0,0,0,1,0,0,0,19,10.0,4.2,16.0,3.0,0.8,0,0.1,0.7,0.8,9445,48079,708,2789,-0.2,0.2,0.0,0.0,0.15,0.14,0.29,0.96,0,0,1,9,10,11.11,,325,147,313,160,214,117,322,149,,,,,,,0.16,0.0,0.17,0.33,1.07,0.0,99,63,288,131,410,195,273,90,0.0,0.0
157,Estêvão,Almeida de Oliveira Gonçalves,Estêvão Estêvão,Chelsea,MID,2026-09-28 14:56:10.205677+00:00,4,1,6.3,0.7,23,0,0,0,1,0,0,0,0,0,0,0,17,8.6,1.6,38.0,5.0,0.8,0,0.1,0.6,1.0,17563,86925,1649,4190,-0.2,0.2,0.0,0.0,0.07,0.07,0.14,1.01,0,1,0,1,2,7.83,,334,154,343,173,131,72,293,131,5.0,,,,2.0,,0.27,0.0,0.27,0.54,3.95,3.91,52,36,291,134,398,192,218,68,0.0,0.0
465,William,Osula,William Osula,Newcastle,FWD,2026-09-28 14:56:10.205677+00:00,4,0,5.8,0.3,55,0,1,0,1,0,0,0,0,0,0,0,18,28.2,13.7,8.0,5.0,0.0,0,0.0,0.7,4.0,21441,86561,118,2256,-0.2,0.2,-0.1,0.1,0.14,0.06,0.2,1.48,1,1,2,2,5,8.18,Foot injury - Unknown return date,260,25,254,29,273,38,292,33,,,4.0,,1.0,,0.1,0.0,0.23,0.33,2.42,1.64,109,28,648,74,96,9,288,48,1.64,0.0
144,Malo,Gusto,Malo Gusto,Chelsea,DEF,2026-09-28 14:56:10.205677+00:00,4,0,4.9,1.0,272,0,0,0,7,0,0,0,0,0,0,0,12,32.0,37.2,13.0,8.2,0.8,0,0.2,0.8,1.0,36844,67168,1517,6688,-0.1,0.1,-0.1,0.1,0.12,0.08,0.2,3.5,3,4,11,13,15,4.96,,248,103,164,45,233,79,233,86,6.0,,,,,,0.03,0.0,0.04,0.07,1.16,2.32,378,69,281,102,338,131,184,70,0.99,0.0
162,Andrey,Nascimento dos Santos,Andrey Andrey Santos,Man Utd,MID,2026-09-28 14:56:10.205677+00:00,4,0,4.8,0.6,82,0,0,0,4,0,0,0,0,0,0,0,23,24.8,5.5,8.0,3.9,0.5,0,0.1,0.8,1.3,22186,73342,989,4723,-0.2,0.2,0.0,0.0,0.24,0.0,0.24,2.03,1,4,7,7,18,19.76,,267,112,299,150,269,138,309,140,,,,,,,0.0,0.0,0.26,0.26,2.23,4.39,418,255,315,145,281,127,237,74,1.1,0.0
642,Sorba,Thomas,Sorba Thomas,Hull City,MID,2026-09-28 14:56:10.205677+00:00,4,2,5.5,0.0,119,0,0,0,3,0,0,0,0,0,0,0,13,8.8,40.9,12.0,5.8,1.3,0,0.2,0.7,1.3,3047,1187,443,338,0.0,0.0,0.0,0.0,0.11,0.21,0.32,2.04,1,1,0,7,8,6.05,,333,153,154,99,241,126,275,122,,,,,,,0.16,0.0,0.08,0.24,1.54,2.27,139,84,246,112,285,130,549,226,0.76,0.0
136,Danny,Welbeck,Danny Welbeck,Chelsea,FWD,2026-09-28 14:56:10.205677+00:00,4,2,5.9,1.0,85,0,0,0,1,0,0,0,0,0,0,0,15,14.4,32.7,14.0,6.1,1.0,0,0.2,0.7,1.3,60963,82815,7027,8911,-0.1,0.1,0.0,0.0,0.14,0.0,0.14,1.99,1,1,2,2,5,5.29,,300,30,177,19,228,34,269,30,,,,,,,0.0,0.0,0.15,0.15,2.11,1.06,78,20,274,31,287,34,179,28,1.06,0.0
263,Kevin,Santos Lopes de Macedo,Kevin Kevin,Fulham,MID,2026-09-28 14:56:10.205677+00:00,4,1,5.3,0.0,61,0,0,0,1,0,0,0,0,0,0,0,14,10.6,6.8,18.0,3.5,0.8,0,0.2,0.8,1.0,1992,4205,188,268,-0.2,0.2,0.0,0.0,0.12,0.07,0.19,1.23,0,3,1,4,8,11.8,,322,145,289,144,204,112,316,144,4.0,,,,,,0.1,0.0,0.18,0.28,1.81,1.48,233,146,285,129,369,169,510,202,0.0,0.0
72,Ben,Gannon-Doak,Ben Gannon-Doak,Bournemouth,MID,2026-09-28 14:56:10.205677+00:00,4,1,4.9,0.1,12,0,0,0,1,0,0,0,0,0,0,0,15,4.0,2.9,16.0,2.3,1.0,0,0.2,0.8,1.0,1635,4617,135,357,-0.1,0.1,0.0,0.0,0.05,0.12,0.17,0.6,0,2,0,5,7,52.5,,370,174,323,163,210,115,341,161,,,,,,,0.9,0.0,0.38,1.28,4.5,7.5,380,227,259,115,339,148,483,188,0.0,0.0
634,Matias,Fernandez-Pardo,Matias Fernandez-Pardo,Newcastle,FWD,2026-09-28 14:56:10.205677+00:00,4,2,6.0,0.1,157,0,0,0,4,0,0,0,0,0,0,0,16,3.4,12.5,15.0,3.1,1.3,0,0.2,0.7,1.3,16874,6242,1803,1342,0.0,0.0,0.0,0.0,0.01,0.05,0.06,2.94,2,2,0,3,5,2.87,,374,37,261,30,223,33,319,35,,,,,,,0.03,0.0,0.01,0.04,1.69,2.29,75,19,247,28,288,35,386,57,1.15,0.0
64,Adam,Smith,Adam Smith,Bournemouth,DEF,2026-09-28 14:56:10.205677+00:00,4,2,4.5,0.1,434,0,0,0,8,0,0,0,3,0,0,0,14,43.6,44.4,4.0,9.1,0.7,0,0.2,0.9,0.8,7179,7286,381,458,0.0,0.0,0.0,0.0,0.09,0.01,0.1,6.7,5,5,16,15,21,4.35,,205,81,140,38,304,109,221,80,,,,,,,0.0,0.0,0.02,0.02,1.39,1.66,428,84,294,107,403,139,389,146,1.04,0.0
635,Hugo,Larsson,Hugo Larsson,Fulham,MID,2026-09-28 14:56:10.205677+00:00,3,1,5.0,0.0,37,0,0,0,1,0,0,0,0,0,0,0,9,6.8,1.9,9.0,1.8,1.0,0,0.2,0.6,1.0,834,302,89,69,0.0,0.0,0.0,0.0,0.23,0.13,0.36,0.88,0,1,2,3,6,14.59,,349,162,336,168,262,134,353,168,,,,,,,0.32,0.0,0.56,0.88,2.14,2.43,320,194,262,117,356,160,620,263,0.0,0.0
375,Trey,Nyoni,Trey Nyoni,Liverpool,MID,2026-09-28 14:56:10.205677+00:00,3,1,4.9,0.0,38,0,0,0,0,0,0,0,0,0,0,0,9,16.2,2.9,0.0,1.9,0.7,0,0.1,0.6,1.0,1340,3047,83,302,-0.1,0.1,0.0,0.0,0.0,0.0,0.0,0.36,0,2,6,2,10,23.68,,296,126,324,164,552,232,351,167,,,,,,,0.0,0.0,0.0,0.0,0.85,0.0,399,243,298,137,346,154,514,204,0.0,0.0
515,James,Maddison,James Maddison,Spurs,MID,2026-09-28 14:56:10.205677+00:00,3,1,6.3,0.4,59,0,0,0,2,0,0,0,0,0,0,0,18,21.8,14.5,19.0,5.6,0.5,0,0.1,0.5,1.0,5751,96157,702,1904,-0.2,0.2,0.0,0.0,0.04,0.06,0.1,1.03,0,4,3,4,11,16.78,,277,117,247,131,198,109,280,126,5.0,,5.0,,,,0.09,0.0,0.06,0.15,1.57,3.05,44,30,330,155,397,191,268,88,0.0,0.0
343,Daniel,James,Daniel James,Leeds,MID,2026-09-28 14:56:10.205677+00:00,3,1,4.9,0.1,52,0,0,0,1,0,0,0,0,0,0,0,9,1.2,1.3,19.0,1.9,0.8,0,0.2,0.6,1.0,4147,7979,178,529,-0.1,0.1,0.0,0.0,0.01,0.35,0.36,1.61,0,0,1,4,5,8.65,,394,184,352,175,191,104,350,166,,,,,,,0.61,0.0,0.02,0.63,2.79,1.73,348,210,280,127,334,145,427,160,0.0,0.0
520,Lucas,Bergvall,Lucas Bergvall,Spurs,MID,2026-09-28 14:56:10.205677+00:00,3,1,5.3,0.1,78,0,0,0,2,0,0,0,0,0,0,0,13,11.0,10.8,11.0,2.9,0.5,0,0.1,0.6,1.0,1878,9527,98,594,-0.2,0.2,-0.1,0.1,0.27,0.06,0.33,2.21,1,3,1,9,13,15.0,,320,143,272,139,249,129,324,151,,,,,,,0.07,0.0,0.31,0.38,2.55,2.31,234,147,323,150,370,170,374,135,1.15,0.0
523,Mikey,Moore,Mikey Moore,Spurs,MID,2026-09-28 14:56:10.205677+00:00,3,0,5.0,0.1,89,0,0,0,4,0,0,0,0,0,0,0,11,14.2,6.3,56.0,7.5,0.2,0,0.0,0.6,1.5,3258,17003,0,518,0.0,0.0,0.0,0.0,0.02,0.4,0.42,3.26,1,1,0,2,3,3.03,Has joined FC Köln on loan for the rest of the season,301,130,292,147,83,49,243,108,,,,,,,0.4,0.0,0.02,0.42,3.3,4.04,306,183,370,177,273,121,490,191,1.01,0.0
289,Matt,Crooks,Matt Crooks,Hull City,MID,2026-09-28 14:56:10.205677+00:00,3,0,4.4,0.5,203,0,0,1,4,0,0,0,3,0,0,0,17,37.8,17.3,0.0,5.4,0.3,0,0.1,0.7,1.0,24199,40213,4840,3984,-0.1,0.1,-0.1,0.1,0.12,0.0,0.12,3.57,3,8,9,4,21,9.31,,225,96,228,124,403,168,281,127,,,,,,,0.0,0.0,0.05,0.05,1.58,1.77,543,287,334,156,307,136,250,81,1.33,0.44
501,Kevin,Danso,Kevin Danso,Sunderland,DEF,2026-09-28 14:56:10.205677+00:00,3,0,5.0,0.2,270,0,0,0,8,0,0,0,0,0,0,0,7,55.2,32.9,21.0,11.0,0.8,0,0.2,0.6,1.0,6537,9838,1112,801,0.0,0.0,0.0,0.0,0.17,0.07,0.24,5.91,3,1,19,11,20,6.67,,176,74,176,55,183,57,198,71,,,,,,,0.02,0.0,0.06,0.08,1.97,2.67,245,36,282,103,349,133,359,136,1.0,0.0
160,Alejandro,Garnacho Ferreyra,Alejandro Garnacho,Aston Villa,MID,2026-09-28 14:56:10.205677+00:00,3,0,5.8,0.3,31,0,0,0,0,0,0,0,0,0,0,0,9,1.2,3.6,0.0,0.5,0.5,0,0.1,0.5,1.0,7450,41121,502,2668,-0.2,0.2,0.0,0.0,0.0,0.0,0.0,0.49,0,0,0,2,2,5.81,,396,185,320,162,646,286,388,182,,,,,,,0.0,0.0,0.0,0.0,1.42,0.0,108,69,328,153,391,186,287,97,0.0,0.0
34,Pau,Torres,Pau Pau,Aston Villa,DEF,2026-09-28 14:56:10.205677+00:00,3,0,4.5,0.3,187,0,0,0,5,0,0,0,0,0,0,0,-4,11.2,1.9,2.0,1.5,0.8,0,0.2,0.7,1.0,11233,27370,40,3012,0.0,0.0,0.0,0.0,0.01,0.0,0.01,4.79,3,1,8,9,9,4.33,Hamstring injury - Expected back 10 Oct,318,121,335,121,320,120,360,125,,,,,,,0.0,0.0,0.0,0.0,2.31,2.41,468,109,277,99,318,121,293,106,1.44,0.0
306,Jacob,Greaves,Jacob Greaves,Ipswich Town,DEF,2026-09-28 14:56:10.205677+00:00,3,0,4.0,1.1,357,0,0,0,10,1,0,0,1,0,0,0,12,68.6,16.9,4.0,9.0,0.2,0,0.0,0.8,0.8,8187,38036,451,3295,0.0,0.0,0.0,0.0,0.06,0.0,0.06,6.74,4,5,25,12,30,7.56,,136,62,230,78,301,106,223,81,,,,,,,0.0,0.0,0.02,0.02,1.7,2.52,622,178,361,125,401,137,170,66,1.01,0.0
646,Malick,Fofana,Malick Fofana,Sunderland,MID,2026-09-28 14:56:10.205677+00:00,3,1,5.5,0.0,60,0,0,0,2,0,0,0,0,0,0,0,11,12.4,2.1,44.0,5.8,1.0,0,0.2,0.5,1.0,4049,1719,313,291,0.0,0.0,0.0,0.0,0.01,0.39,0.4,3.25,0,1,0,2,3,4.5,,310,137,332,167,108,62,277,124,,,,,,,0.58,0.0,0.02,0.6,4.88,3.0,159,99,271,124,387,183,539,219,0.0,0.0
323,Kasey,McAteer,Kasey McAteer,Ipswich Town,MID,2026-09-28 14:56:10.205677+00:00,3,0,4.4,1.0,42,0,0,0,0,0,0,0,0,0,0,0,12,4.6,1.8,7.0,1.4,0.5,0,0.1,0.7,1.0,28102,61979,1358,6132,-0.1,0.1,-0.1,0.1,0.0,0.05,0.05,0.21,0,1,0,4,5,10.71,,363,169,337,169,275,141,366,175,,,,,,,0.11,0.0,0.0,0.11,0.45,0.0,563,291,311,143,313,138,173,55,0.0,0.0
381,Lewis,Koumas,Lewis Koumas,Liverpool,MID,2026-09-28 14:56:10.205677+00:00,3,1,5.0,0.0,22,0,0,0,0,0,0,0,0,0,0,0,14,4.2,0.5,24.0,2.9,0.7,0,0.1,0.6,1.0,820,1381,141,180,0.0,0.0,0.0,0.0,0.0,0.28,0.28,0.72,0,0,0,1,1,4.09,,368,172,373,186,172,93,323,150,,,,,,,1.15,0.0,0.0,1.15,2.95,0.0,311,187,302,140,354,159,543,222,0.0,0.0
255,Jorge,Cuenca Barreno,Jorge J.Cuenca,Fulham,DEF,2026-09-28 14:56:10.205677+00:00,3,0,4.5,0.0,90,0,0,0,3,0,0,0,0,0,0,0,7,32.8,21.3,0.0,5.4,0.0,0,0.0,0.7,3.0,1540,1994,60,101,0.0,0.0,0.0,0.0,0.03,0.0,0.03,2.24,1,1,9,3,10,10.0,,243,98,217,73,447,182,282,104,,,,,,,0.0,0.0,0.03,0.03,2.24,3.0,470,111,485,188,136,57,553,189,1.0,0.0
74,David,Brooks,David Brooks,Bournemouth,MID,2026-09-28 14:56:10.205677+00:00,3,1,5.0,0.1,45,0,0,0,2,0,0,0,1,0,0,0,8,9.2,23.6,2.0,3.5,0.7,0,0.1,0.6,0.8,3349,3771,167,313,0.0,0.0,0.0,0.0,0.07,0.0,0.07,0.75,0,0,2,3,5,10.0,,328,149,205,116,326,162,315,143,4.0,,3.0,,,,0.0,0.0,0.14,0.14,1.5,4.0,244,152,299,138,406,194,494,194,0.0,0.0
457,Jacob,Murphy,Jacob J.Murphy,Newcastle,MID,2026-09-28 14:56:10.205677+00:00,3,1,5.9,0.1,181,0,0,0,5,0,0,0,3,0,0,0,21,13.0,26.9,10.0,4.9,0.8,0,0.1,0.5,0.6,6005,10905,902,726,-0.1,0.1,0.0,0.0,0.41,0.03,0.44,4.96,2,4,4,10,18,8.95,,306,134,193,111,257,133,294,132,4.0,,,,,,0.01,0.0,0.2,0.21,2.47,2.49,79,52,289,132,413,197,375,136,0.99,0.0
241,Dwight,McNeil,Dwight McNeil,Crystal Palace,MID,2026-09-28 14:56:10.205677+00:00,3,0,5.4,0.1,84,0,0,0,3,0,0,0,0,0,0,0,13,10.0,5.0,2.0,1.7,0.0,0,0.0,0.6,1.5,1772,8177,65,448,-0.1,0.1,0.0,0.0,0.02,0.05,0.07,1.18,1,0,4,3,7,7.5,,324,146,304,155,331,165,357,171,,,,,,,0.05,0.0,0.02,0.07,1.26,3.21,188,117,626,272,274,122,400,146,1.07,0.0
577,Takehiro,Tomiyasu,Takehiro Tomiyasu,Crystal Palace,DEF,2026-09-28 14:56:10.205677+00:00,3,1,4.4,0.3,189,0,0,0,5,0,0,0,0,0,0,0,10,35.8,15.6,8.0,6.0,0.3,0,0.1,0.7,0.8,3476,13206,147,1086,-0.1,0.1,0.0,0.0,0.03,0.0,0.03,3.98,2,2,15,7,17,8.1,Calf injury - 75% chance of playing,234,94,235,82,266,92,270,101,,,,,,,0.0,0.0,0.01,0.01,1.9,2.38,555,141,335,118,402,138,306,113,0.95,0.0
142,Reece,James,Reece James,Chelsea,DEF,2026-09-28 14:56:10.205677+00:00,3,0,5.4,5.8,292,0,0,0,7,0,0,0,1,0,0,0,24,56.2,42.6,49.0,14.8,0.8,0,0.1,0.6,0.8,168798,597788,593,75099,-0.1,0.1,0.0,0.0,0.26,0.33,0.59,4.9,3,2,11,15,13,4.01,Hamstring injury - 75% chance of playing,172,73,146,39,98,21,147,51,1.0,,1.0,,,,0.1,0.0,0.08,0.18,1.51,2.16,181,20,286,105,408,142,65,27,0.92,0.0
633,Honest,Ahanor,Honest Ahanor,Crystal Palace,DEF,2026-09-28 14:56:10.205677+00:00,3,0,4.5,0.0,90,0,0,0,3,0,0,0,0,0,0,0,10,24.6,11.9,4.0,4.1,1.0,0,0.2,0.7,3.0,1907,553,132,101,0.0,0.0,0.0,0.0,0.01,0.0,0.01,1.68,1,2,9,4,11,11.0,,268,109,265,96,305,110,304,114,,,,,,,0.0,0.0,0.01,0.01,1.68,3.0,522,130,256,95,137,58,586,199,1.0,0.0
559,Aladji,Bamba,Aladji Bamba,Newcastle,MID,2026-09-28 14:56:10.205677+00:00,3,1,4.9,0.1,27,0,0,0,1,0,0,0,0,0,0,0,12,11.6,0.4,0.0,1.2,0.5,0,0.1,0.6,1.0,2563,7553,123,469,-0.1,0.1,0.0,0.0,0.0,0.0,0.0,1.29,0,3,3,2,8,26.67,,314,140,378,188,555,234,373,176,,,,,,,0.0,0.0,0.0,0.0,4.3,3.33,402,245,319,148,348,156,423,157,0.0,0.0
600,Ibrahim,Osman,Ibrahim Osman,Brighton,MID,2026-09-28 14:56:10.205677+00:00,3,0,5.0,0.0,40,0,0,0,1,0,0,0,0,0,0,0,15,7.2,17.8,19.0,4.2,0.5,0,0.1,0.6,1.0,939,1090,108,123,0.0,0.0,0.0,0.0,0.07,0.05,0.12,0.32,0,1,0,3,4,9.0,,344,159,225,123,193,106,302,137,,,,,,,0.11,0.0,0.16,0.27,0.72,2.25,329,199,321,149,358,162,583,240,0.0,0.0
478,Luca,Netz,Luca Netz,Nott'm Forest,DEF,2026-09-28 14:56:10.205677+00:00,3,1,4.4,0.0,27,0,0,0,1,0,0,0,0,0,0,0,8,6.0,17.5,2.0,2.6,0.3,0,0.1,0.7,1.0,684,1582,54,111,-0.1,0.1,0.0,0.0,0.02,0.0,0.02,0.13,0,1,0,1,1,3.33,,355,132,226,77,318,118,333,120,,,,,,,0.0,0.0,0.07,0.07,0.43,3.33,565,148,337,120,314,118,540,187,0.0,0.0
149,Levi,Samuels Colwill,Levi Colwill,Chelsea,DEF,2026-09-28 14:56:10.205677+00:00,3,1,4.8,0.9,341,0,0,0,9,0,0,0,1,0,0,0,17,61.6,16.6,13.0,9.2,0.8,0,0.2,0.6,0.8,26664,98229,1008,5204,-0.2,0.2,-0.1,0.1,0.05,0.01,0.06,6.67,4,3,23,15,26,6.86,,161,68,231,79,232,78,220,79,,,,,,,0.0,0.0,0.01,0.01,1.76,2.38,414,76,279,101,405,141,196,74,1.06,0.0
584,Gustavo,Hamer,Gustavo Hamer,Coventry City,MID,2026-09-28 14:56:10.205677+00:00,3,0,5.4,0.1,32,0,0,0,1,0,0,0,0,0,0,0,6,0.6,1.8,0.0,0.3,0.3,0,0.1,0.6,1.0,791,6383,41,376,-0.1,0.1,0.0,0.0,0.02,0.0,0.02,0.82,0,1,0,2,3,8.44,,401,188,338,170,619,268,397,186,4.0,,,,,,0.0,0.0,0.06,0.06,2.31,2.81,174,110,352,167,376,175,432,163,0.0,0.0
492,Taiwo,Awoniyi,Taiwo Awoniyi,Coventry City,FWD,2026-09-28 14:56:10.205677+00:00,3,0,5.4,0.4,232,0,0,0,7,0,0,0,0,1,0,0,11,13.6,46.2,78.0,13.6,0.0,0,0.0,0.6,0.8,21336,64610,63,4815,-0.1,0.1,-0.1,0.1,0.04,1.3,1.34,3.55,3,1,3,7,11,4.27,Suspended until 19 Oct,302,31,137,14,50,16,161,19,,,,,5.0,,0.5,0.0,0.02,0.52,1.38,2.72,178,43,624,68,407,48,269,47,1.16,0.0
422,Noussair,Mazraoui,Noussair Mazraoui,Man Utd,DEF,2026-09-28 14:56:10.205677+00:00,3,0,4.4,0.5,97,0,0,0,4,0,0,0,0,0,0,0,6,21.0,31.2,11.0,6.4,0.5,0,0.1,0.7,1.0,14332,40858,548,2771,-0.1,0.1,0.0,0.0,0.06,0.22,0.28,2.08,1,2,4,3,6,5.57,,283,114,183,57,245,83,264,100,,,,,,,0.2,0.0,0.06,0.26,1.93,3.71,556,142,310,111,311,116,248,93,0.93,0.0
498,Marcos,Senesi Barón,Marcos Senesi,Spurs,DEF,2026-09-28 14:56:10.205677+00:00,3,0,5.8,3.5,90,0,0,0,3,0,0,0,0,0,0,0,10,36.6,2.2,0.0,3.9,0.0,0,0.0,0.5,3.0,29255,457106,1111,20643,-0.2,0.2,0.0,0.0,0.02,0.0,0.02,3.87,1,5,11,2,16,16.0,,231,92,328,118,644,215,310,116,,,,,,,0.0,0.0,0.02,0.02,3.87,3.0,101,10,646,215,153,63,94,36,1.0,0.0
271,Rodrigo,Muniz Carvalho,Rodrigo Muniz,Fulham,FWD,2026-09-28 14:56:10.205677+00:00,3,0,5.4,0.4,38,0,0,0,1,0,0,0,1,0,0,0,14,11.4,22.2,36.0,7.0,0.5,0,0.1,0.6,0.8,15926,34991,1597,2550,-0.1,0.1,0.0,0.0,0.0,0.4,0.4,0.85,0,0,3,0,3,7.11,,317,32,215,25,136,26,251,25,,,,,,,0.95,0.0,0.0,0.95,2.01,2.37,184,44,326,38,409,49,264,45,0.0,0.0
262,Emile,Smith Rowe,Emile Smith Rowe,Fulham,MID,2026-09-28 14:56:10.205677+00:00,3,0,5.3,0.2,38,0,0,0,0,0,0,0,0,0,0,0,11,6.6,23.8,9.0,4.0,0.8,0,0.2,0.6,1.0,4478,20942,280,1283,-0.2,0.2,-0.1,0.1,0.02,0.06,0.08,0.87,0,0,1,2,3,7.11,,350,163,204,115,263,135,307,139,,,,,,,0.14,0.0,0.05,0.19,2.06,0.0,215,134,284,128,362,163,314,111,0.0,0.0
108,Callum,Wilson,Callum Wilson,Brentford,FWD,2026-09-28 14:56:10.205677+00:00,3,0,5.4,0.3,13,0,0,0,0,0,0,0,0,0,0,0,9,3.2,10.4,12.0,2.6,0.5,0,0.1,0.6,1.0,15475,26433,1126,2368,-0.1,0.1,-0.1,0.1,0.04,0.07,0.11,0.15,0,0,1,1,2,13.85,,376,38,278,37,240,35,335,37,,,,,,,0.48,0.0,0.28,0.76,1.04,0.0,166,40,324,37,373,41,290,49,0.0,0.0
253,Joachim,Andersen,Joachim Andersen,Fulham,DEF,2026-09-28 14:56:10.205677+00:00,3,1,5.0,0.2,190,0,0,0,5,0,0,0,1,0,0,0,12,52.2,35.8,8.0,9.6,0.8,0,0.2,0.6,1.0,14444,9149,2570,1039,0.0,0.0,0.0,0.0,0.1,0.0,0.1,4.35,2,2,18,9,20,9.47,,185,77,168,48,270,95,215,76,,,,,,,0.0,0.0,0.05,0.05,2.06,2.37,253,37,283,104,350,134,366,140,0.95,0.0
269,Ryan,Sessegnon,Ryan Sessegnon,Fulham,DEF,2026-09-28 14:56:10.205677+00:00,3,0,4.3,0.3,50,0,0,0,1,0,0,0,0,0,0,0,13,17.2,26.3,31.0,7.5,0.5,0,0.1,0.7,1.0,2719,18946,276,1248,-0.2,0.2,-0.1,0.1,0.44,0.13,0.57,1.8,0,1,2,3,3,5.4,,293,117,194,61,149,44,241,91,3.0,,,,,,0.23,0.0,0.79,1.02,3.24,1.8,580,155,308,110,305,112,304,111,0.0,0.0
608,Daniel,Jebbison,Daniel Jebbison,Bournemouth,FWD,2026-09-28 14:56:10.205677+00:00,3,1,5.0,0.1,31,0,0,0,2,0,0,0,0,0,0,0,13,3.6,1.6,21.0,2.6,0.7,0,0.1,0.6,1.0,13212,7216,849,861,0.0,0.0,0.0,0.0,0.0,0.1,0.1,0.61,0,0,0,1,1,2.9,,372,36,342,44,184,30,334,36,,,,,,,0.29,0.0,0.0,0.29,1.77,5.81,314,58,303,34,355,37,401,60,0.0,0.0
188,Victor,Torp,Victor Torp,Coventry City,MID,2026-09-28 14:56:10.205677+00:00,3,0,5.3,0.1,53,0,0,0,2,0,0,0,0,0,0,0,13,7.2,20.4,0.0,2.7,0.3,0,0.1,0.6,1.0,796,7949,43,417,-0.2,0.2,-0.1,0.1,0.12,0.0,0.12,1.22,0,0,1,2,3,5.09,,345,160,218,119,608,262,331,156,2.0,,2.0,,2.0,,0.0,0.0,0.2,0.2,2.07,3.4,218,136,351,166,363,164,417,153,0.0,0.0
568,Valentín,Barco,Valentín Barco,Chelsea,MID,2026-09-28 14:56:10.205677+00:00,3,2,5.4,0.1,115,0,0,0,3,0,0,0,1,0,0,0,29,12.8,7.2,11.0,3.0,0.8,0,0.1,0.6,1.0,3140,6994,217,427,-0.1,0.1,0.0,0.0,0.11,0.07,0.18,2.83,1,3,4,5,12,9.39,,307,135,287,143,250,130,321,148,,,,,,,0.05,0.0,0.09,0.14,2.21,2.35,207,131,287,130,383,180,387,143,0.78,0.0
621,Ryan,McAidoo,Ryan McAidoo,Man City,MID,2026-09-28 14:56:10.205677+00:00,2,0,4.5,0.1,11,0,0,0,0,0,0,0,0,0,0,0,8,5.2,0.5,3.0,0.8,0.3,0,0.1,0.4,1.0,11352,7067,183,1044,0.0,0.0,0.0,0.0,0.0,0.1,0.1,0.02,0,2,0,2,4,32.73,,358,166,371,184,314,158,380,179,,,,,,,0.82,0.0,0.0,0.82,0.16,0.0,527,275,339,157,324,139,408,148,0.0,0.0
300,Christian,Walton,Christian Walton,Ipswich Town,GKP,2026-09-28 14:56:10.205677+00:00,2,2,4.4,0.4,90,0,0,0,1,0,0,0,0,0,1,0,10,12.0,0.0,0.0,1.2,0.5,0,0.1,0.5,2.0,3264,14889,1579,976,-0.1,0.1,0.0,0.0,0.01,0.0,0.01,2.24,1,0,2,17,0,0.0,,311,24,458,32,406,27,371,24,,,,,,,0.0,1.0,0.01,0.01,2.24,1.0,546,45,309,22,223,19,271,36,1.0,0.0
571,Florentino Ibrain,Morris Luís,Florentino Ibrain Florentino,Ipswich Town,MID,2026-09-28 14:56:10.205677+00:00,2,1,4.8,0.1,30,0,0,0,0,0,0,0,0,0,0,0,9,9.0,22.3,2.0,3.2,0.5,0,0.1,0.4,1.0,1052,7050,107,319,-0.2,0.2,-0.1,0.1,0.01,0.0,0.01,0.75,0,1,1,0,2,6.0,,331,151,213,118,323,160,317,145,,,,,,,0.0,0.0,0.03,0.03,2.25,0.0,410,249,314,144,327,141,444,170,0.0,0.0
440,Joshua,Zirkzee,Joshua Zirkzee,Man Utd,FWD,2026-09-28 14:56:10.205677+00:00,2,1,5.3,0.4,20,0,0,0,0,0,0,0,0,0,0,0,8,7.6,14.9,0.0,2.2,0.5,0,0.1,0.4,1.0,15687,43551,1807,2998,-0.2,0.2,-0.1,0.1,0.01,0.0,0.01,0.02,0,0,2,2,4,18.0,,343,35,239,27,610,68,343,39,,,,,,,0.0,0.0,0.04,0.04,0.09,0.0,225,49,322,36,364,40,267,46,0.0,0.0
212,Will,Hughes,Will Hughes,Crystal Palace,MID,2026-09-28 14:56:10.205677+00:00,2,0,4.4,7.3,29,0,0,0,1,0,0,0,0,0,0,0,9,8.0,15.3,0.0,2.4,0.7,0,0.2,0.5,1.0,122035,480943,8636,42328,-0.1,0.1,0.0,0.0,0.04,0.0,0.04,1.12,0,1,3,3,7,21.72,,338,157,236,127,405,169,339,159,4.0,,,,,,0.0,0.0,0.12,0.12,3.48,3.1,545,288,293,135,308,137,52,17,0.0,0.0
637,Robinio,Vaz,Robinio Vaz,Hull City,FWD,2026-09-28 14:56:10.205677+00:00,2,1,5.0,0.1,20,0,0,0,0,0,0,0,0,0,0,0,8,2.4,11.7,2.0,1.6,0.7,0,0.1,0.4,1.0,12245,3928,1740,1107,0.0,0.0,0.0,0.0,0.01,0.0,0.01,0.31,0,0,0,2,2,9.0,,383,41,267,34,328,42,358,40,,,,,,,0.0,0.0,0.04,0.04,1.4,0.0,332,62,304,35,360,39,409,63,0.0,0.0
339,Sean,Longstaff,Sean Longstaff,Leeds,MID,2026-09-28 14:56:10.205677+00:00,2,0,4.9,0.1,10,0,0,0,1,0,0,0,0,0,0,0,7,0.0,0.2,0.0,0.0,0.2,0,0.0,0.4,1.0,2495,8082,122,598,-0.1,0.1,0.0,0.0,0.0,0.0,0.0,0.35,0,0,0,0,0,0.0,,562,231,387,194,524,212,567,232,3.0,,3.0,,,,0.0,0.0,0.0,0.0,3.15,9.0,346,208,366,174,333,144,438,165,0.0,0.0
140,Robert,Lynch Sánchez,Robert Sánchez,Chelsea,GKP,2026-09-28 14:56:10.205677+00:00,2,0,4.9,0.7,90,0,0,0,2,0,0,0,0,0,4,0,6,21.4,0.0,0.0,2.1,0.0,0,0.0,0.4,2.0,10847,176203,0,4595,-0.1,0.1,0.0,0.0,0.01,0.0,0.01,1.33,1,0,1,5,0,0.0,Has joined Como on loan for the rest of the season,282,23,561,57,527,55,346,23,,,,,,,0.0,4.0,0.01,0.01,1.33,2.0,354,17,553,68,228,20,216,31,1.0,0.0
318,Jaden,Philogene,Jaden Philogene,Ipswich Town,MID,2026-09-28 14:56:10.205677+00:00,2,1,5.4,0.1,52,0,0,0,1,0,0,0,0,0,0,0,11,4.8,4.6,13.0,2.2,0.5,0,0.1,0.4,1.0,300,9275,32,151,-0.1,0.1,0.0,0.0,0.01,0.08,0.08,0.97,0,0,0,4,4,6.92,,362,168,309,159,235,122,344,162,5.0,,,,3.0,,0.14,0.0,0.02,0.16,1.68,1.73,196,122,327,152,379,177,455,178,0.0,0.0
207,Oscar,Mingueza,Oscar Mingueza,Crystal Palace,DEF,2026-09-28 14:56:10.205677+00:00,2,0,4.4,0.1,16,0,0,0,1,0,0,0,0,0,0,0,5,3.2,0.4,0.0,0.3,0.3,0,0.1,0.5,1.0,1983,4822,73,266,-0.1,0.1,0.0,0.0,0.0,0.0,0.0,0.33,0,2,0,1,2,11.25,,375,139,377,140,412,170,392,141,,,,,,,0.0,0.0,0.0,0.0,1.86,5.62,559,144,336,119,312,117,485,174,0.0,0.0
25,Viktor,Gyökeres,Viktor Gyökeres,Arsenal,FWD,2026-09-28 14:56:10.205677+00:00,2,1,7.1,3.1,29,0,0,0,0,0,0,0,0,0,0,0,7,0.0,14.7,0.0,1.4,0.5,0,0.1,0.3,1.0,37263,610443,9040,16119,-0.4,0.4,-0.1,0.1,0.23,0.0,0.23,0.65,0,0,0,1,1,3.1,,664,77,242,28,664,77,367,41,,,,,2.0,,0.0,0.0,0.71,0.71,2.02,0.0,24,8,331,39,399,47,102,16,0.0,0.0
548,Chris,Rigg,Chris Rigg,Sunderland,MID,2026-09-28 14:56:10.205677+00:00,2,0,4.9,0.0,17,0,0,0,1,0,0,0,0,0,0,0,6,0.0,0.3,0.0,0.0,0.2,0,0.0,0.4,1.0,466,2839,29,219,-0.1,0.1,0.0,0.0,0.0,0.0,0.0,0.44,0,0,0,1,1,5.29,,581,245,380,189,548,228,587,247,,,,,,,0.0,0.0,0.0,0.0,2.33,5.29,394,238,368,176,343,151,501,197,0.0,0.0
42,Evann,Guessand,Evann Guessand,Crystal Palace,MID,2026-09-28 14:56:10.205677+00:00,2,0,5.4,0.0,54,0,0,0,1,0,0,0,0,0,0,0,6,5.4,2.1,7.0,1.5,0.0,0,0.0,0.4,1.0,2395,3623,102,252,-0.1,0.1,0.0,0.0,0.03,0.03,0.06,0.34,0,1,1,0,2,3.33,,357,165,331,166,281,145,363,174,,,,,,,0.05,0.0,0.05,0.1,0.57,1.67,197,123,629,274,380,178,515,205,0.0,0.0
420,Leny,Yoro,Leny Yoro,Man Utd,DEF,2026-09-28 14:56:10.205677+00:00,2,0,4.8,0.5,22,0,0,0,2,0,0,0,0,0,0,0,-1,7.8,2.4,2.0,1.3,0.5,0,0.1,0.4,1.0,5231,35934,449,2092,-0.2,0.2,-0.1,0.1,0.02,0.0,0.02,1.09,0,2,3,1,5,20.45,,341,126,327,117,324,123,368,129,,,,,,,0.0,0.0,0.08,0.08,4.46,8.18,419,78,316,114,330,128,259,95,0.0,0.0
101,Jordan,Henderson,Jordan Henderson,Chelsea,MID,2026-09-28 14:56:10.205677+00:00,2,2,4.9,0.0,90,0,0,0,3,0,0,0,0,0,0,0,16,16.6,10.4,0.0,2.7,0.5,0,0.1,0.4,2.0,1105,2619,492,145,-0.1,0.1,0.0,0.0,0.08,0.0,0.08,2.65,1,1,2,7,10,10.0,,294,125,277,141,516,208,329,154,3.0,,,,,,0.0,0.0,0.08,0.08,2.65,3.0,337,203,317,146,227,99,531,213,1.0,0.0
16,Noni,Madueke,Noni Madueke,Arsenal,MID,2026-09-28 14:56:10.205677+00:00,2,0,6.2,0.2,23,0,0,0,0,0,0,0,0,0,0,0,11,11.6,43.9,0.0,5.6,0.2,0,0.0,0.3,1.0,5994,25942,714,1522,-0.3,0.3,0.0,0.0,0.05,0.0,0.05,0.15,0,1,0,2,3,11.74,,315,141,143,91,659,294,279,125,5.0,,,,,,0.0,0.0,0.2,0.2,0.59,0.0,57,40,379,183,396,190,327,117,0.0,0.0
164,Geovany,Quenda,Geovany Quenda,Chelsea,MID,2026-09-28 14:56:10.205677+00:00,2,1,5.3,0.0,27,0,0,0,2,0,0,0,0,0,0,0,5,1.6,2.1,8.0,1.2,0.2,0,0.0,0.4,1.0,900,3393,68,173,-0.2,0.2,0.0,0.0,0.01,0.03,0.04,1.29,0,0,1,0,1,3.33,,390,182,330,165,271,139,374,177,,,,,,,0.1,0.0,0.03,0.13,4.3,6.67,235,148,375,180,371,171,533,215,0.0,0.0
9,Piero,Hincapié,Piero Hincapie,Arsenal,DEF,2026-09-28 14:56:10.205677+00:00,2,0,5.2,0.9,32,0,0,0,0,0,0,0,0,0,0,0,6,6.4,1.0,2.0,1.0,0.2,0,0.0,0.4,1.0,16201,117267,1382,5556,-0.3,0.3,-0.1,0.1,0.0,0.0,0.0,0.28,0,1,2,0,3,8.44,,353,131,356,130,329,124,376,133,,,,,,,0.0,0.0,0.0,0.0,0.79,0.0,238,35,371,131,361,136,194,73,0.0,0.0
616,Ayyoub,Bouaddi,Ayyoub Bouaddi,Man City,MID,2026-09-28 14:56:10.205677+00:00,2,0,5.5,0.2,22,0,0,0,0,0,0,0,0,0,0,0,8,13.0,4.8,0.0,1.8,0.3,0,0.1,0.4,1.0,21005,13481,806,2042,0.0,0.0,0.0,0.0,0.12,0.0,0.12,0.37,0,0,3,3,6,24.55,,305,133,306,157,641,282,354,169,,,,,,,0.0,0.0,0.49,0.49,1.51,0.0,165,104,355,170,388,184,353,126,0.0,0.0
406,Mateo,Kovačić,Mateo Kovačić,Man City,MID,2026-09-28 14:56:10.205677+00:00,2,0,5.4,0.1,42,0,0,0,0,0,0,0,0,0,0,0,12,4.2,5.2,0.0,0.9,0.0,0,0.0,0.4,1.0,2242,6267,100,438,-0.1,0.1,0.0,0.0,0.02,0.0,0.02,0.1,0,0,0,2,2,4.29,,369,173,302,153,616,266,378,178,,,,,,,0.0,0.0,0.04,0.04,0.21,0.0,167,105,620,268,374,173,447,171,0.0,0.0
527,Richarlison,de Andrade,Richarlison Richarlison,Spurs,FWD,2026-09-28 14:56:10.205677+00:00,2,0,5.9,0.6,67,0,0,0,3,0,0,0,0,0,0,0,6,0.0,2.2,0.0,0.2,0.0,0,0.0,0.3,2.0,21439,267960,0,5477,-0.1,0.1,0.0,0.0,0.0,0.0,0.0,3.02,1,0,1,0,1,1.34,not included in squad.,652,74,329,43,650,75,402,46,,,,,,,0.0,0.0,0.0,0.0,4.06,4.03,83,22,652,76,241,25,226,37,1.34,0.0
223,Jean-Philippe,Mateta,Jean-Philippe Mateta,Crystal Palace,FWD,2026-09-28 14:56:10.205677+00:00,2,0,6.3,1.3,62,0,0,0,2,0,0,0,0,0,0,0,-3,1.4,12.3,11.0,2.5,0.0,0,0.0,0.3,2.0,25948,454093,195,8606,-0.2,0.2,0.0,0.0,0.02,0.7,0.72,0.98,1,2,1,2,5,7.26,Hamstring injury - Expected back 11 Oct,392,42,262,31,253,37,338,38,,,,,1.0,,1.02,0.0,0.03,1.05,1.42,2.9,46,12,659,77,242,26,161,24,1.45,0.0
81,Álvaro,Rodríguez,Álvaro Rodríguez,Bournemouth,FWD,2026-09-28 14:56:10.205677+00:00,2,0,6.0,0.1,10,0,0,0,1,0,0,0,0,0,0,0,7,0.0,0.5,0.0,0.1,0.3,0,0.0,0.3,1.0,5419,6812,712,681,0.0,0.0,0.0,0.0,0.0,0.0,0.0,0.18,0,0,0,1,1,9.0,,658,76,374,46,655,76,408,48,,,,,,,0.0,0.0,0.0,0.0,1.62,9.0,74,18,357,41,392,46,388,58,0.0,0.0
240,Tim,Iroegbunam,Tim Iroegbunam,Hull City,MID,2026-09-28 14:56:10.205677+00:00,2,1,5.0,0.0,70,0,0,0,0,0,0,0,1,0,0,0,10,9.2,11.5,10.0,3.1,0.3,0,0.1,0.4,0.7,1112,1147,74,133,0.0,0.0,0.0,0.0,0.01,0.12,0.13,0.6,0,3,1,5,9,11.57,,329,150,270,137,256,132,318,146,,,,,,,0.15,0.0,0.01,0.16,0.77,0.0,297,178,347,164,411,196,584,241,0.0,0.0
248,Norberto Bercique,Gomes Betuncal,Norberto Bercique Beto,Everton,FWD,2026-09-28 14:56:10.205677+00:00,2,0,5.4,0.6,31,0,0,0,0,0,0,0,0,0,0,0,5,3.0,0.3,5.0,0.8,0.0,0,0.0,0.4,1.0,16222,219255,0,6933,-0.1,0.1,0.0,0.0,0.0,0.09,0.09,1.92,0,0,1,0,1,2.9,Has joined Fiorentina permanently,380,40,383,47,296,39,381,43,,,,,,,0.26,0.0,0.0,0.26,5.57,0.0,198,46,630,70,381,43,232,38,0.0,0.0
620,El Hadji Malick,Diouf,El Hadji Malick Diouf,Brentford,DEF,2026-09-28 14:56:10.205677+00:00,2,1,4.5,0.1,39,0,0,0,0,0,0,0,0,0,0,0,7,5.6,1.3,0.0,0.7,0.5,0,0.1,0.4,1.0,13610,7315,449,653,0.0,0.0,0.0,0.0,0.01,0.0,0.01,0.63,0,0,2,1,2,4.62,,356,133,350,129,491,193,383,137,,,,,,,0.0,0.0,0.02,0.02,1.45,0.0,525,131,313,113,322,124,431,156,0.0,0.0
281,Cody,Drameh,Cody Drameh,Hull City,DEF,2026-09-28 14:56:10.205677+00:00,2,0,4.0,0.0,65,0,0,0,0,0,0,0,0,0,0,0,8,6.4,0.4,1.0,0.8,0.0,0,0.0,0.5,1.0,2118,4496,0,243,0.0,0.0,0.0,0.0,0.0,0.05,0.05,0.87,0,1,5,4,6,8.31,Has joined Genoa permanently,351,129,376,139,335,125,379,135,,,,,,,0.07,0.0,0.0,0.07,1.2,0.0,617,175,410,145,301,108,508,179,0.0,0.0
631,Ibrahim,Mbaye,Ibrahim Mbaye,Aston Villa,MID,2026-09-28 14:56:10.205677+00:00,2,1,6.0,0.1,33,0,0,0,3,0,0,0,0,0,0,0,8,9.0,15.2,19.0,4.3,0.7,0,0.1,0.3,1.0,10364,4764,856,1083,0.0,0.0,0.0,0.0,0.13,0.02,0.15,1.64,0,1,0,1,2,5.45,,332,152,238,128,197,108,301,136,,,,,,,0.05,0.0,0.35,0.4,4.47,8.18,77,51,306,142,393,187,454,177,0.0,0.0
364,Kostas,Tsimikas,Kostas Tsimikas,Liverpool,DEF,2026-09-28 14:56:10.205677+00:00,2,0,4.9,0.1,64,0,0,0,0,0,0,0,0,0,0,0,6,6.4,2.9,9.0,1.8,0.3,0,0.1,0.4,1.0,1570,4409,83,383,-0.1,0.1,0.0,0.0,0.02,0.04,0.06,0.47,1,1,2,3,3,4.22,,352,130,322,115,261,91,352,123,4.0,,,,,,0.06,0.0,0.03,0.09,0.66,0.0,353,60,341,122,335,130,456,162,1.41,0.0
126,Matt,O'Riley,Matt O'Riley,Brighton,MID,2026-09-28 14:56:10.205677+00:00,2,1,5.4,0.1,10,0,0,0,0,0,0,0,0,0,0,0,6,8.2,10.5,19.0,3.8,0.5,0,0.1,0.4,1.0,3580,6501,406,545,-0.1,0.1,0.0,0.0,0.01,0.28,0.29,0.18,0,0,2,1,3,27.0,,337,156,274,140,195,107,313,142,,,,,3.0,,2.52,0.0,0.09,2.61,1.62,0.0,180,114,325,151,377,176,421,155,0.0,0.0
232,Jake,O'Brien,Jake O'Brien,Everton,DEF,2026-09-28 14:56:10.205677+00:00,2,1,4.8,0.3,16,0,0,0,0,0,0,0,0,0,0,0,5,3.0,0.0,0.0,0.3,0.7,0,0.1,0.4,1.0,4563,24544,308,1073,-0.2,0.2,-0.1,0.1,0.0,0.0,0.0,0.42,0,0,2,2,2,11.25,,378,140,552,203,514,199,393,142,,,,,,,0.0,0.0,0.0,0.0,2.36,0.0,417,77,295,108,329,127,298,108,0.0,0.0
446,Fabian,Schär,Fabian Schär,Newcastle,DEF,2026-09-28 14:56:10.205677+00:00,2,1,4.9,0.2,25,0,0,0,2,0,0,0,0,0,0,0,0,25.0,10.5,0.0,3.6,0.2,0,0.0,0.4,1.0,7035,13821,524,875,-0.1,0.1,0.0,0.0,0.01,0.0,0.01,1.87,0,0,7,0,7,25.2,,266,108,273,98,520,200,314,117,,,2.0,,,,0.0,0.0,0.04,0.04,6.73,7.2,341,58,365,129,332,129,326,121,0.0,0.0
54,Joao,Gomes,Joao Gomes,Aston Villa,MID,2026-09-28 14:56:10.205677+00:00,2,4,5.5,0.0,129,0,0,0,6,0,0,0,0,1,0,0,11,23.6,24.8,0.0,4.8,1.0,0,0.2,0.4,1.0,1275,4093,436,184,0.0,0.0,0.0,0.0,0.03,0.0,0.03,4.14,2,9,6,5,20,13.95,,273,115,199,113,636,277,296,134,,,,,,,0.0,0.0,0.02,0.02,2.89,4.19,145,88,269,122,385,181,505,199,1.4,0.0
76,Alex,Tóth,Alex Tóth.A,Bournemouth,MID,2026-09-28 14:56:10.205677+00:00,2,1,4.9,0.0,17,0,0,0,2,0,0,0,0,0,0,0,8,3.0,0.7,0.0,0.3,0.3,0,0.1,0.4,1.0,382,783,25,54,-0.1,0.1,0.0,0.0,0.0,0.0,0.0,0.56,0,1,0,1,2,10.59,,379,176,365,182,553,233,396,185,,,,,,,0.0,0.0,0.0,0.0,2.96,10.59,400,244,345,162,347,155,594,247,0.0,0.0
357,Jeremie,Frimpong,Jeremie Frimpong,Liverpool,DEF,2026-09-28 14:56:10.205677+00:00,2,0,5.3,1.8,178,0,0,0,4,0,0,0,1,0,0,0,24,39.4,76.5,16.0,13.2,0.3,0,0.1,0.4,0.7,58858,245602,1515,12217,-0.2,0.2,0.0,0.0,0.23,0.01,0.24,3.91,2,4,8,7,12,6.07,,219,87,65,10,211,65,168,59,,,,,,,0.01,0.0,0.12,0.13,1.98,2.02,216,30,350,123,412,143,134,54,1.01,0.0
595,Zavier,Gozo,Zavier Gozo,Crystal Palace,MID,2026-09-28 14:56:10.205677+00:00,2,0,4.9,0.0,28,0,0,0,2,0,0,0,0,0,0,0,6,1.4,1.6,0.0,0.3,0.3,0,0.1,0.4,1.0,489,877,39,84,-0.1,0.1,-0.1,0.1,0.0,0.0,0.0,0.68,0,1,0,0,1,3.21,,391,183,341,172,549,229,395,184,,,,,,,0.0,0.0,0.0,0.0,2.19,6.43,395,239,344,161,344,152,600,252,0.0,0.0
547,Romaine,Mundle,Romaine Mundle,Sunderland,MID,2026-09-28 14:56:10.205677+00:00,1,0,4.9,0.0,1,0,0,0,0,0,0,0,0,0,0,0,2,8.0,0.1,17.0,2.5,0.2,0,0.0,0.2,1.0,201,669,10,51,-0.1,0.1,0.0,0.0,0.0,0.17,0.17,0.09,0,0,1,0,1,90.0,Knee injury - Unknown return date,340,158,391,195,208,114,336,157,,,,,,,15.3,0.0,0.0,15.3,8.1,0.0,372,223,367,175,337,147,636,273,0.0,0.0
400,Jérémy,Doku,Jérémy Doku,Man City,MID,2026-09-28 14:56:10.205677+00:00,1,1,7.4,0.7,15,0,0,0,0,0,0,0,0,0,0,0,7,3.6,13.8,5.0,2.2,0.3,0,0.0,0.1,1.0,5410,127990,3943,1904,-0.1,0.1,0.0,0.0,0.32,0.23,0.55,0.42,0,0,1,1,2,12.0,,373,175,252,132,299,156,345,163,,,,,3.0,,1.38,0.0,1.92,3.3,2.52,0.0,19,12,359,173,400,193,215,67,0.0,0.0
435,Shea,Lacey,Shea Lacey,Man Utd,MID,2026-09-28 14:56:10.205677+00:00,1,0,4.9,0.1,10,0,0,0,0,0,0,0,0,0,0,0,3,0.2,0.6,0.0,0.1,0.0,0,0.0,0.2,1.0,1714,3303,361,338,-0.1,0.1,0.0,0.0,0.0,0.0,0.0,0.0,0,0,0,1,1,9.0,,405,191,368,183,551,231,404,189,,,,,,,0.0,0.0,0.0,0.0,0.0,0.0,397,241,574,241,345,153,488,190,0.0,0.0
147,Tosin,Adarabioyo,Tosin Tosin,Spurs,DEF,2026-09-28 14:56:10.205677+00:00,1,0,4.4,0.1,5,0,0,0,0,0,0,0,0,0,0,0,5,9.0,0.2,0.0,0.9,0.2,0,0.0,0.2,1.0,1988,7890,96,538,-0.1,0.1,0.0,0.0,0.0,0.0,0.0,0.03,0,2,2,1,4,72.0,,330,124,386,142,407,168,377,134,,,,,,,0.0,0.0,0.0,0.0,0.54,0.0,547,135,363,127,309,114,368,142,0.0,0.0
430,Mason,Mount,Mason Mount,Man Utd,MID,2026-09-28 14:56:10.205677+00:00,1,1,5.4,0.0,10,0,0,0,0,0,0,0,0,0,0,0,3,0.6,1.1,5.0,0.7,0.2,0,0.0,0.2,1.0,897,1966,169,190,-0.1,0.1,0.0,0.0,0.01,0.09,0.1,0.0,0,0,0,1,1,9.0,,400,187,355,178,294,152,384,180,,,4.0,,,,0.81,0.0,0.09,0.9,0.0,0.0,173,109,377,182,375,174,532,214,0.0,0.0
622,Kaden,Braithwaite,Kaden Braithwaite,Man City,DEF,2026-09-28 14:56:10.205677+00:00,1,0,4.0,0.2,1,0,0,0,0,0,0,0,0,0,0,0,3,0.6,0.8,0.0,0.1,0.0,0,0.0,0.2,1.0,16757,9142,550,1591,0.0,0.0,0.0,0.0,0.0,0.0,0.0,0.0,0,0,0,1,0,0.0,,399,145,361,133,387,153,403,145,,,,,,,0.0,0.0,0.0,0.0,0.0,0.0,644,195,431,159,303,110,355,134,0.0,0.0
535,Omar,Alderete,Omar Alderete,Sunderland,DEF,2026-09-28 14:56:10.205677+00:00,1,0,4.8,0.2,23,0,0,0,1,0,0,0,0,0,0,0,2,0.0,0.6,0.0,0.0,0.0,0,0.0,0.2,1.0,4965,27300,211,1024,-0.2,0.2,-0.1,0.1,0.01,0.0,0.01,0.1,0,0,0,2,0,0.0,,552,204,367,136,510,198,557,204,,,,,,,0.0,0.0,0.04,0.04,0.39,3.91,409,75,539,201,326,126,315,117,0.0,0.0
493,Arnaud,Kalimuendo,Arnaud Kalimuendo,Nott'm Forest,FWD,2026-09-28 14:56:10.205677+00:00,1,0,5.4,0.1,1,0,0,0,0,0,0,0,0,0,0,0,3,0.0,0.0,0.0,0.0,0.0,0,0.0,0.2,1.0,3020,4100,210,400,-0.1,0.1,0.0,0.0,0.0,0.0,0.0,0.0,0,0,0,0,0,0.0,,632,69,635,73,622,70,637,73,,,,,,,0.0,0.0,0.0,0.0,0.0,0.0,194,45,628,69,378,42,496,70,0.0,0.0
482,Callum,Hudson-Odoi,Callum Hudson-Odoi,Nott'm Forest,MID,2026-09-28 14:56:10.205677+00:00,1,0,5.8,0.1,1,0,0,0,0,0,0,0,0,0,0,0,2,0.0,0.3,0.0,0.0,0.0,0,0.0,0.2,1.0,5256,17517,245,1117,-0.2,0.2,0.0,0.0,0.0,0.0,0.0,0.0,0,0,0,0,0,0.0,,647,286,385,193,643,284,652,287,,,4.0,,,,0.0,0.0,0.0,0.0,0.0,0.0,100,64,645,285,390,185,370,133,0.0,0.0
487,Nicolás,Domínguez,Nicolás Dominguez,Nott'm Forest,MID,2026-09-28 14:56:10.205677+00:00,1,0,4.9,0.1,1,0,0,0,0,0,0,0,0,0,0,0,3,0.2,0.0,0.0,0.0,0.0,0,0.0,0.2,1.0,1198,4086,60,284,-0.1,0.1,0.0,0.0,0.0,0.0,0.0,0.0,0,0,0,0,0,0.0,,404,190,565,241,531,217,573,237,,,,,,,0.0,0.0,0.0,0.0,0.0,0.0,364,219,557,229,336,146,486,189,0.0,0.0
641,Melvin,Bard,Melvin Bard,Leeds,DEF,2026-09-28 14:56:10.205677+00:00,1,0,4.5,0.0,18,0,0,0,1,0,0,0,0,0,0,0,1,4.4,10.3,0.0,1.5,0.3,0,0.1,0.2,1.0,955,350,93,74,0.0,0.0,0.0,0.0,0.0,0.0,0.0,0.3,0,1,1,2,2,10.0,,365,136,279,100,449,183,361,126,,,,,,,0.0,0.0,0.0,0.0,1.5,5.0,472,112,338,121,319,122,615,208,0.0,0.0
648,Jean-Mattéo,Bahoya,Jean-Mattéo Bahoya,Leeds,MID,2026-09-28 14:56:10.205677+00:00,1,1,5.0,0.0,1,0,0,0,0,0,0,0,0,0,0,0,5,1.0,0.3,0.0,0.1,0.3,0,0.1,0.2,1.0,2235,1137,103,169,0.0,0.0,0.0,0.0,0.0,0.0,0.0,0.0,0,0,0,0,0,0.0,,397,186,382,191,600,257,405,190,,,,,,,0.0,0.0,0.0,0.0,0.0,0.0,323,195,348,165,357,161,595,248,0.0,0.0
396,Vitor,de Oliveira Nunes dos Reis,Vitor Vitor Reis,Man City,DEF,2026-09-28 14:56:10.205677+00:00,1,0,4.5,0.0,1,0,0,0,0,0,0,0,0,0,0,0,3,1.2,0.9,0.0,0.2,0.0,0,0.0,0.2,1.0,550,1167,70,144,0.0,0.0,0.0,0.0,0.0,0.0,0.0,0.0,0,0,0,0,0,0.0,,393,144,359,132,492,194,398,143,,,,,,,0.0,0.0,0.0,0.0,0.0,0.0,526,132,523,197,323,125,524,184,0.0,0.0
421,Ayden,Heaven,Ayden Heaven,Man Utd,DEF,2026-09-28 14:56:10.205677+00:00,1,0,4.4,0.3,90,0,0,0,2,0,0,0,0,0,0,0,5,6.8,2.6,11.0,2.0,0.0,0,0.0,0.2,1.0,5991,23980,221,1394,-0.1,0.1,0.0,0.0,0.04,0.12,0.16,1.01,1,1,1,4,2,2.0,,348,128,325,116,246,84,348,122,,,,,,,0.12,0.0,0.04,0.16,1.01,2.0,576,153,463,179,316,120,305,112,1.0,0.0
395,Rico,Lewis,Rico Lewis,Man City,DEF,2026-09-28 14:56:10.205677+00:00,1,0,4.4,0.2,56,0,0,0,1,0,0,0,0,0,0,0,-1,3.8,3.8,39.0,4.7,0.0,0,0.0,0.2,1.0,8240,16216,284,1150,-0.1,0.1,0.0,0.0,0.02,0.17,0.19,0.55,1,0,2,0,2,3.21,,371,138,316,113,125,33,297,110,,,,,,,0.27,0.0,0.03,0.3,0.88,1.61,566,149,454,176,315,119,332,124,1.61,0.0
549,Chemsdine,Talbi,Chemsdine Talbi,Sunderland,MID,2026-09-28 14:56:10.205677+00:00,1,0,5.3,0.1,31,0,0,0,1,0,0,0,0,0,0,0,1,0.0,0.9,0.0,0.0,0.0,0,0.0,0.2,1.0,1337,11768,104,548,-0.2,0.2,0.0,0.0,0.0,0.0,0.0,0.14,0,0,0,2,2,5.81,,626,272,360,179,613,264,631,273,,,,,,,0.0,0.0,0.0,0.0,0.41,2.9,232,145,618,267,368,168,382,139,0.0,0.0
578,Mykhailo,Mudryk,Mykhailo Mudryk,Spurs,MID,2026-09-28 14:56:10.205677+00:00,1,0,5.3,0.0,16,0,0,0,0,0,0,0,0,0,0,0,3,0.0,0.1,2.0,0.1,0.2,0,0.0,0.2,1.0,5439,7589,19,541,-0.2,0.2,-0.1,0.1,0.0,0.0,0.0,0.16,0,0,0,0,0,0.0,Ankle injury - Unknown return date,624,270,392,196,330,164,407,191,,,,,,,0.0,0.0,0.0,0.0,0.9,0.0,227,142,373,178,365,165,511,203,0.0,0.0
539,Luke,O'Nien,Luke O'Nien,Sunderland,DEF,2026-09-28 14:56:10.205677+00:00,1,0,3.9,2.5,66,0,0,0,1,0,0,0,1,0,0,0,1,11.4,1.4,4.0,1.7,0.0,0,0.0,0.3,1.0,31719,120922,16976,11022,-0.1,0.1,-0.1,0.1,0.01,0.01,0.02,1.69,1,1,4,4,5,6.82,,316,120,345,124,300,105,355,124,,,,,,,0.01,0.0,0.01,0.02,2.3,1.36,663,213,382,134,296,103,115,45,1.36,0.0
285,Paddy,McNair,Paddy McNair,Hull City,DEF,2026-09-28 14:56:10.205677+00:00,1,0,4.0,0.1,26,0,0,0,0,0,0,0,0,0,0,0,3,4.2,0.0,0.0,0.4,0.0,0,0.0,0.2,1.0,3135,4707,182,398,0.0,0.0,0.0,0.0,0.0,0.0,0.0,0.96,0,0,2,1,2,6.92,,367,137,411,149,355,134,389,139,,,,,,,0.0,0.0,0.0,0.0,3.32,0.0,600,164,399,140,298,105,396,148,0.0,0.0
89,Rico,Henry,Rico Henry,Brentford,DEF,2026-09-28 14:56:10.205677+00:00,1,0,4.4,0.2,2,0,0,0,0,0,0,0,0,0,0,0,3,0.0,0.0,0.0,0.0,0.2,0,0.0,0.2,1.0,1976,8567,152,569,-0.1,0.1,0.0,0.0,0.0,0.0,0.0,0.0,0,0,0,0,0,0.0,,469,182,461,181,410,169,474,182,,,,,,,0.0,0.0,0.0,0.0,0.0,0.0,553,139,364,128,310,115,339,127,0.0,0.0
120,Michael,Svoboda,Michael Svoboda,Brighton,DEF,2026-09-28 14:56:10.205677+00:00,1,1,5.0,0.1,4,0,0,0,0,0,0,0,0,0,0,0,5,2.4,0.0,0.0,0.2,0.2,0,0.0,0.2,1.0,4477,3968,1301,446,0.0,0.0,0.0,0.0,0.0,0.0,0.0,0.14,0,1,0,1,1,22.5,,382,141,601,210,578,207,400,144,,,,,,,0.0,0.0,0.0,0.0,3.15,0.0,283,46,369,130,352,135,475,169,0.0,0.0
594,Promise,David,Promise David,Brighton,FWD,2026-09-28 14:56:10.205677+00:00,1,0,5.9,0.2,23,0,0,0,0,0,0,0,1,0,0,0,-4,0.0,3.7,4.0,0.4,0.2,0,0.0,0.2,0.5,14883,22396,3021,2123,-0.1,0.1,-0.1,0.1,0.0,0.42,0.42,0.14,0,0,0,0,0,0.0,,656,75,319,41,313,40,391,45,,,,,2.0,,1.64,0.0,0.0,1.64,0.55,0.0,93,24,378,43,417,50,323,51,0.0,0.0
213,Jefferson,Lerma Solís,Jefferson Lerma,Crystal Palace,MID,2026-09-28 14:56:10.205677+00:00,1,0,4.8,0.1,51,0,0,0,1,0,0,0,1,0,0,0,6,17.6,0.8,11.0,3.0,0.3,0,0.1,0.2,0.5,1290,5528,84,347,-0.2,0.2,-0.1,0.1,0.0,0.26,0.26,1.25,0,2,7,3,12,21.18,,292,124,362,180,248,128,320,147,,,,,,,0.46,0.0,0.0,0.46,2.21,1.76,408,248,340,158,415,198,450,173,0.0,0.0
208,Ismaïla,Sarr,Ismaïla Sarr,Crystal Palace,MID,2026-09-28 14:56:10.205677+00:00,1,1,6.2,0.6,8,0,0,0,0,0,0,0,0,0,0,0,3,0.0,0.5,0.0,0.1,0.3,0,0.0,0.2,1.0,6450,376542,2396,2091,-0.3,0.3,0.0,0.0,0.01,0.0,0.01,0.06,0,0,0,0,0,0.0,,660,294,375,187,658,293,409,192,,,,,2.0,,0.0,0.0,0.11,0.11,0.68,0.0,55,38,358,172,394,188,227,72,0.0,0.0
135,Zadok,Yohanna,Zadok Yohanna,Brighton,MID,2026-09-28 14:56:10.205677+00:00,1,0,4.8,0.0,12,0,0,0,0,0,0,0,0,0,0,0,3,0.2,1.3,0.0,0.2,0.0,0,0.0,0.2,1.0,1266,5486,23,379,-0.2,0.2,-0.1,0.1,0.03,0.0,0.03,0.0,0,0,0,0,0,0.0,Unspecified injury - Expected back 10 Oct,403,189,351,174,515,207,399,187,,,,,,,0.0,0.0,0.22,0.22,0.0,0.0,422,257,544,221,331,143,527,210,0.0,0.0
206,Chadi,Riad Dnanou,Chadi Chadi Riad,Crystal Palace,DEF,2026-09-28 14:56:10.205677+00:00,1,0,4.3,0.0,72,0,0,0,2,0,0,0,0,0,0,0,7,12.6,1.3,0.0,1.4,0.0,0,0.0,0.2,1.0,647,5667,23,116,-0.2,0.2,-0.1,0.1,0.01,0.0,0.01,0.98,1,1,6,3,7,8.75,Knee injury - Unknown return date,308,119,349,128,402,167,365,128,,,,,,,0.0,0.0,0.01,0.01,1.22,2.5,583,158,446,173,306,113,574,195,1.25,0.0
153,Axel,Disasi,Axel Disasi,Crystal Palace,DEF,2026-09-28 14:56:10.205677+00:00,1,0,4.5,0.1,139,0,0,0,6,0,0,0,0,1,0,0,-6,34.8,13.4,2.0,5.0,0.0,0,0.0,0.2,0.3,9424,10313,23,732,0.0,0.0,0.0,0.0,0.04,0.0,0.04,3.72,2,5,15,11,20,12.95,Suspended until 25 Oct,237,96,257,94,319,119,290,109,,,,,,,0.0,0.0,0.03,0.03,2.41,3.88,454,99,477,182,419,146,472,168,1.29,0.0
599,Sidiki,Cherif,Sidiki Cherif,Coventry City,FWD,2026-09-28 14:56:10.205677+00:00,1,0,5.0,0.1,30,0,0,0,3,0,0,0,0,0,0,0,3,1.0,0.2,0.0,0.1,0.3,0,0.1,0.2,1.0,7428,7566,501,727,0.0,0.0,0.0,0.0,0.0,0.0,0.0,1.43,0,0,1,0,1,3.0,,398,44,388,48,603,66,406,47,,,,,,,0.0,0.0,0.0,0.0,4.29,9.0,331,61,349,40,359,38,416,64,0.0,0.0
340,Joe,Gelhardt,Joe Gelhardt,Hull City,MID,2026-09-28 14:56:10.205677+00:00,1,1,5.0,0.0,7,0,0,0,0,0,0,0,0,0,0,0,5,1.6,1.3,12.0,1.5,0.3,0,0.1,0.2,1.0,702,1009,92,102,0.0,0.0,0.0,0.0,0.02,0.1,0.12,0.13,0,0,0,1,1,12.86,,389,181,353,176,238,124,362,173,,,,,,,1.29,0.0,0.26,1.55,1.67,0.0,285,172,346,163,353,158,601,253,0.0,0.0
556,Matt,Targett,Matt Targett,Hull City,DEF,2026-09-28 14:56:10.205677+00:00,1,0,4.0,1.6,5,0,0,0,0,0,0,0,0,0,0,0,3,0.4,0.0,0.0,0.0,0.0,0,0.0,0.2,1.0,24830,86695,106,9419,0.0,0.0,0.0,0.0,0.0,0.0,0.0,0.07,0,0,0,1,0,0.0,Ankle injury - 75% chance of playing,402,146,413,150,357,135,428,152,,,,,,,0.0,0.0,0.0,0.0,1.26,0.0,602,165,401,141,299,106,140,56,0.0,0.0
563,Hidemasa,Morita,Hidemasa Morita,Hull City,MID,2026-09-28 14:56:10.205677+00:00,1,0,5.0,0.0,45,0,0,0,0,0,0,0,0,0,0,0,6,11.0,13.4,0.0,2.4,0.0,0,0.0,0.2,1.0,726,1759,23,163,0.0,0.0,0.0,0.0,0.0,0.0,0.0,1.09,1,0,2,1,3,6.0,Calf injury - Expected back 11 Oct,319,142,258,134,577,244,340,160,,,,,,,0.0,0.0,0.0,0.0,2.18,0.0,281,170,590,250,351,157,589,245,2.0,0.0
574,Jens,Hjertø-Dahl,Jens Hjertø-Dahl,Hull City,MID,2026-09-28 14:56:10.205677+00:00,1,0,4.9,0.1,8,0,0,0,0,0,0,0,0,0,0,0,4,0.0,0.0,0.0,0.0,0.3,0,0.1,0.2,1.0,1435,4433,74,313,-0.1,0.1,0.0,0.0,0.0,0.0,0.0,0.0,0,0,0,1,1,11.25,,580,244,580,250,547,227,586,246,,,,,,,0.0,0.0,0.0,0.0,0.0,0.0,393,237,343,160,342,150,491,192,0.0,0.0
647,Darío,Osorio,Darío Osorio,Crystal Palace,MID,2026-09-28 14:56:10.205677+00:00,1,0,5.5,0.0,1,0,0,0,0,0,0,0,0,0,0,0,2,2.0,0.3,0.0,0.2,0.3,0,0.1,0.2,1.0,945,404,26,68,0.0,0.0,0.0,0.0,0.0,0.0,0.0,0.13,0,1,0,0,1,90.0,,387,180,384,192,639,280,401,188,,,,,,,0.0,0.0,0.0,0.0,11.7,0.0,156,97,354,169,386,182,621,264,0.0,0.0
638,Brooke,Norton-Cuffy,Brooke Norton-Cuffy,Hull City,DEF,2026-09-28 14:56:10.205677+00:00,1,0,4.0,0.2,34,0,0,0,0,0,0,0,1,0,0,0,3,2.2,0.6,9.0,1.2,0.3,0,0.1,0.2,0.5,26064,10282,448,2456,0.0,0.0,0.0,0.0,0.0,0.05,0.05,0.3,0,0,1,4,1,2.65,Hamstring injury - 75% chance of playing,384,142,366,135,259,89,370,131,,,,,,,0.13,0.0,0.0,0.13,0.79,0.0,632,184,333,117,414,144,311,116,0.0,0.0
35,Lamare,Bogarde,Lamare Bogarde,Aston Villa,MID,2026-09-28 14:56:10.205677+00:00,1,0,4.9,0.1,16,0,0,0,0,0,0,0,0,0,0,0,3,2.2,0.5,0.0,0.3,0.0,0,0.0,0.2,1.0,2905,4758,164,430,-0.1,0.1,-0.1,0.1,0.0,0.0,0.0,0.22,0,0,1,0,1,5.62,,385,178,372,185,542,222,394,183,,,,,,,0.0,0.0,0.0,0.0,1.24,0.0,387,231,568,235,341,149,479,187,0.0,0.0
159,Moisés,Caicedo Corozo,Moisés Caicedo,Chelsea,MID,2026-09-28 14:56:10.205677+00:00,1,0,5.3,1.0,13,0,0,0,0,0,0,0,0,0,0,0,3,0.0,0.1,0.0,0.0,0.2,0,0.0,0.2,1.0,15029,280946,391,8554,-0.2,0.2,0.0,0.0,0.0,0.0,0.0,0.07,0,0,0,0,0,0.0,Calf injury - 50% chance of playing,625,271,393,197,611,263,630,272,,,,,,,0.0,0.0,0.0,0.0,0.48,0.0,229,144,374,179,367,167,172,54,0.0,0.0
29,Marco,Bizot,Marco M.Bizot,Aston Villa,GKP,2026-09-28 14:56:10.205677+00:00,1,0,4.5,0.1,90,0,0,0,4,0,0,0,0,0,3,0,1,28.2,0.0,0.0,2.8,0.0,0,0.0,0.2,1.0,4652,7356,58,980,0.0,0.0,0.0,0.0,0.0,0.0,0.0,3.77,1,0,2,6,0,0.0,Back injury - Expected back 10 Oct,259,22,476,37,426,32,326,22,,,,,,,0.0,3.0,0.0,0.0,3.77,4.0,430,24,467,53,317,24,397,46,1.0,0.0
243,Carlos,Alcaraz Durán,Carlos Alcaraz,Everton,MID,2026-09-28 14:56:10.205677+00:00,1,0,4.9,0.1,5,0,0,0,0,0,0,0,1,0,0,0,5,5.0,0.8,25.0,2.7,0.0,0,0.0,0.2,0.5,2856,5820,155,387,-0.1,0.1,0.0,0.0,0.02,0.05,0.07,0.04,0,1,0,2,3,54.0,,361,167,363,181,167,90,330,155,,,,,,,0.9,0.0,0.36,1.26,0.72,0.0,384,229,566,234,416,199,451,174,0.0,0.0
185,Tatsuhiro,Sakamoto,Tatsuhiro Sakamoto,Coventry City,MID,2026-09-28 14:56:10.205677+00:00,1,0,4.8,0.1,31,0,0,0,1,0,0,0,0,0,0,0,8,6.2,5.9,7.0,1.9,0.0,0,0.0,0.2,1.0,1011,5740,121,368,-0.2,0.2,0.0,0.0,0.02,0.02,0.04,0.69,0,2,0,2,4,11.61,,354,164,295,148,276,142,349,165,,,,,,,0.06,0.0,0.06,0.12,2.0,2.9,415,253,543,220,328,142,477,185,0.0,0.0
179,Joel,Latibeaudiere,Joel Latibeaudiere,Coventry City,DEF,2026-09-28 14:56:10.205677+00:00,1,1,4.0,0.0,1,0,0,0,0,0,0,0,0,0,0,0,3,7.0,0.0,0.0,0.7,0.3,0,0.1,0.2,1.0,983,1733,72,130,0.0,0.0,0.0,0.0,0.0,0.0,0.0,0.02,0,0,2,0,2,180.0,,347,127,415,151,359,136,382,136,,,,,,,0.0,0.0,0.0,0.0,1.8,0.0,606,168,332,116,300,107,521,182,0.0,0.0
5,Jurriën,Timber,Jurriën J.Timber,Arsenal,DEF,2026-09-28 14:56:10.205677+00:00,1,0,6.5,0.4,104,0,0,0,3,0,0,0,0,0,0,0,-3,10.2,4.2,0.0,1.5,0.2,0,0.0,0.2,0.5,33447,14628,11791,3875,0.0,0.0,0.0,0.0,0.03,0.0,0.03,2.18,1,3,2,7,5,4.33,,323,122,314,111,663,217,364,127,,,,,,,0.0,0.0,0.03,0.03,1.89,2.6,39,3,380,132,418,145,263,97,0.87,0.0
20,Max,Dowman,Max Dowman,Arsenal,MID,2026-09-28 14:56:10.205677+00:00,1,1,5.3,0.1,9,0,0,0,0,0,0,0,0,0,0,0,4,2.0,14.8,0.0,1.7,0.2,0,0.0,0.2,1.0,3029,7283,441,564,-0.2,0.2,0.0,0.0,0.08,0.0,0.08,0.31,0,0,0,0,0,0.0,,386,179,240,129,614,265,356,170,,,,,,,0.0,0.0,0.8,0.8,3.1,0.0,236,149,376,181,372,172,461,181,0.0,0.0
662,Mahdi,Nicoll-Jazuli,Mahdi Nicoll-Jazuli,Chelsea,MID,2026-09-28 14:56:10.205677+00:00,1,1,4.5,0.0,3,0,0,0,1,0,0,0,0,0,0,0,5,4.6,1.7,0.0,0.6,1.0,0,0.2,0.2,1.0,328,69,328,69,0.0,0.0,0.0,0.0,0.0,0.0,0.0,0.43,0,2,0,0,2,60.0,,364,170,340,171,498,196,387,181,,,,,,,0.0,0.0,0.0,0.0,12.9,30.0,533,279,257,114,325,140,633,271,0.0,0.0
308,Darnell,Furlong,Darnell Furlong,Ipswich Town,DEF,2026-09-28 14:56:10.205677+00:00,1,0,3.9,0.6,17,0,0,0,1,0,0,0,0,0,0,0,-1,5.0,0.5,0.0,0.6,0.2,0,0.1,0.3,1.0,18806,19488,6169,2711,-0.1,0.1,0.0,0.0,0.0,0.0,0.0,0.86,0,1,2,0,3,15.88,,359,134,370,138,338,128,386,138,,,,,,,0.0,0.0,0.0,0.0,4.55,5.29,664,214,360,124,297,104,229,87,0.0,0.0
321,Sindre,Walle Egeli,Sindre Walle Egeli,Ipswich Town,FWD,2026-09-28 14:56:10.205677+00:00,1,0,4.5,3.5,10,0,0,0,0,0,0,0,0,0,0,0,3,0.0,0.1,0.0,0.0,0.0,0,0.0,0.2,1.0,329703,210010,17082,25523,0.0,0.0,0.0,0.0,0.0,0.0,0.0,0.03,0,0,0,0,0,0.0,,522,50,390,49,476,49,527,54,,,,,,,0.0,0.0,0.0,0.0,0.27,0.0,505,71,508,49,321,36,95,13,0.0,0.0
245,Tyler,Dibling,Tyler Dibling,Everton,MID,2026-09-28 14:56:10.205677+00:00,1,1,5.4,0.0,24,0,0,0,0,0,0,0,0,0,0,0,10,7.2,24.4,26.0,5.8,0.3,0,0.1,0.2,1.0,1168,2649,113,150,-0.1,0.1,0.0,0.0,0.16,0.17,0.33,0.38,0,0,0,0,0,0.0,,346,161,201,114,163,87,274,121,,,,,,,0.64,0.0,0.6,1.24,1.42,0.0,201,125,353,168,382,179,548,225,0.0,0.0
137,Stefanos,Tzimas,Stefanos Tzimas,Brighton,FWD,2026-09-28 14:56:10.205677+00:00,0,0,5.4,0.0,0,0,0,0,0,0,0,0,0,0,0,0,0,0.0,0.0,0.0,0.0,0.0,0,0.0,0.0,0.0,330,746,33,48,-0.1,0.1,0.0,0.0,0.0,0.0,0.0,0.0,0,0,0,0,0,0.0,Knee injury - Unknown return date,635,70,638,74,625,71,640,74,,,,,,,0.0,0.0,0.0,0.0,0.0,0.0,213,47,633,71,640,74,626,77,0.0,0.0
111,Jason,Steele,Jason Steele,Brighton,GKP,2026-09-28 14:56:10.205677+00:00,0,0,4.0,4.1,0,0,0,0,0,0,0,0,0,0,0,0,0,0.0,0.0,0.0,0.0,0.0,0,0.0,0.0,0.0,147050,119945,6863,14190,0.0,0.0,0.0,0.0,0.0,0.0,0.0,0.0,0,0,0,0,0,0.0,,412,27,400,8,344,3,416,27,,,,,,,0.0,0.0,0.0,0.0,0.0,0.0,589,51,388,25,426,27,81,12,0.0,0.0
139,Evan,Ferguson,Evan Ferguson,Brighton,FWD,2026-09-28 14:56:10.205677+00:00,0,0,5.0,0.0,0,0,0,0,0,0,0,0,0,0,0,0,0,0.0,0.0,0.0,0.0,0.0,0,0.0,0.0,0.0,1573,2517,122,248,0.0,0.0,0.0,0.0,0.0,0.0,0.0,0.0,0,0,0,0,0,0.0,Ankle injury - Expected back 10 Oct,601,63,607,67,584,62,607,67,,,,,,,0.0,0.0,0.0,0.0,0.0,0.0,295,56,595,62,610,68,545,73,0.0,0.0
470,Felipe,Rodrigues da Silva,Felipe Morato,Nott'm Forest,DEF,2026-09-28 14:56:10.205677+00:00,0,0,5.0,0.0,0,0,0,0,0,0,0,0,0,0,0,0,0,0.0,0.0,0.0,0.0,0.0,0,0.0,0.0,0.0,424,3690,0,110,0.0,0.0,0.0,0.0,0.0,0.0,0.0,0.0,0,0,0,0,0,0.0,Has joined West Ham on loan for the rest of the season,599,211,605,211,582,208,605,211,,,,,,,0.0,0.0,0.0,0.0,0.0,0.0,293,50,593,209,608,210,575,196,0.0,0.0
134,Nehemiah,Oriola,Nehemiah Oriola,Brighton,MID,2026-09-28 14:56:10.205677+00:00,0,0,4.5,0.2,0,0,0,0,0,0,0,0,0,0,0,0,0,0.0,0.0,0.0,0.0,0.0,0,0.0,0.0,0.0,8749,14171,345,1303,0.0,0.0,0.0,0.0,0.0,0.0,0.0,0.0,0,0,0,0,0,0.0,,521,208,518,214,475,186,526,209,,,,,,,0.0,0.0,0.0,0.0,0.0,0.0,504,266,507,200,535,216,313,110,0.0,0.0
661,Ellery,Balcombe,Ellery Balcombe,Brentford,GKP,2026-09-28 14:56:10.205677+00:00,0,0,4.0,0.0,0,0,0,0,0,0,0,0,0,0,0,0,0,0.0,0.0,0.0,0.0,0.0,0,0.0,0.0,0.0,2782,520,2782,520,0.0,0.0,0.0,0.0,0.0,0.0,0.0,0.0,0,0,0,0,0,0.0,,430,40,421,21,365,16,435,40,,,,,,,0.0,0.0,0.0,0.0,0.0,0.0,615,64,408,38,444,40,517,60,0.0,0.0
475,Nicolò,Savona,Nicolò Savona,Nott'm Forest,DEF,2026-09-28 14:56:10.205677+00:00,0,0,4.5,0.0,0,0,0,0,0,0,0,0,0,0,0,0,0,0.0,0.0,0.0,0.0,0.0,0,0.0,0.0,0.0,240,275,20,17,0.0,0.0,0.0,0.0,0.0,0.0,0.0,0.0,0,0,0,0,0,0.0,Knee injury - Unknown return date,508,194,505,193,462,186,513,194,,,,,,,0.0,0.0,0.0,0.0,0.0,0.0,489,119,494,190,522,194,652,215,0.0,0.0
476,Omar,Richards,Omar O.Richards,Nott'm Forest,DEF,2026-09-28 14:56:10.205677+00:00,0,0,4.0,0.2,0,0,0,0,0,0,0,0,0,0,0,0,0,0.0,0.0,0.0,0.0,0.0,0,0.0,0.0,0.0,3983,8249,283,698,0.0,0.0,0.0,0.0,0.0,0.0,0.0,0.0,0,0,0,0,0,0.0,,425,153,416,152,360,137,430,153,,,,,,,0.0,0.0,0.0,0.0,0.0,0.0,607,169,403,142,439,153,325,120,0.0,0.0
133,Tom,Watson,Tom Watson,Brighton,MID,2026-09-28 14:56:10.205677+00:00,0,0,5.0,0.0,0,0,0,0,0,0,0,0,0,0,0,0,0,0.0,0.0,0.0,0.0,0.0,0,0.0,0.0,0.0,0,135,0,4,0.0,0.0,0.0,0.0,0.0,0.0,0.0,0.0,0,0,0,0,0,0.0,Has joined Leicester City on loan for the rest of the season,615,265,621,270,598,256,621,267,,,,,,,0.0,0.0,0.0,0.0,0.0,0.0,319,193,609,262,624,270,664,296,0.0,0.0
477,Zach,Abbott,Zach Abbott,Nott'm Forest,DEF,2026-09-28 14:56:10.205677+00:00,0,0,4.0,0.1,0,0,0,0,0,0,0,0,0,0,0,0,0,0.0,0.0,0.0,0.0,0.0,0,0.0,0.0,0.0,2459,13853,0,780,0.0,0.0,0.0,0.0,0.0,0.0,0.0,0.0,0,0,0,0,0,0.0,Has joined Southampton on loan for the rest of the season,450,167,441,166,385,151,455,167,,,,,,,0.0,0.0,0.0,0.0,0.0,0.0,642,193,429,157,464,167,373,143,0.0,0.0
479,Tyler,Bindon,Tyler Bindon,Nott'm Forest,DEF,2026-09-28 14:56:10.205677+00:00,0,0,4.0,0.1,0,0,0,0,0,0,0,0,0,0,0,0,0,0.0,0.0,0.0,0.0,0.0,0,0.0,0.0,0.0,799,8635,0,505,0.0,0.0,0.0,0.0,0.0,0.0,0.0,0.0,0,0,0,0,0,0.0,Has joined Charlton Athletic on loan for the rest of the season,446,163,437,162,381,147,451,163,,,,,,,0.0,0.0,0.0,0.0,0.0,0.0,637,188,425,153,460,163,404,150,0.0,0.0
132,Harry,Howell,Harry Howell,Brighton,MID,2026-09-28 14:56:10.205677+00:00,0,0,4.5,0.0,0,0,0,0,0,0,0,0,0,0,0,0,0,0.0,0.0,0.0,0.0,0.0,0,0.0,0.0,0.0,0,3670,0,192,0.0,0.0,0.0,0.0,0.0,0.0,0.0,0.0,0,0,0,0,0,0.0,Has joined Leicester City on loan for the rest of the season,533,213,529,219,487,191,538,214,,,,,,,0.0,0.0,0.0,0.0,0.0,0.0,519,272,519,205,546,221,546,224,0.0,0.0
128,Facundo,Buonanotte,Facundo Buonanotte,Brighton,MID,2026-09-28 14:56:10.205677+00:00,0,0,5.0,0.0,0,0,0,0,0,0,0,0,0,0,0,0,0,0.0,0.0,0.0,0.0,0.0,0,0.0,0.0,0.0,0,330,0,7,0.0,0.0,0.0,0.0,0.0,0.0,0.0,0.0,0,0,0,0,0,0.0,Has joined Elche on loan for the rest of the season,613,263,619,268,596,254,619,265,,,,,,,0.0,0.0,0.0,0.0,0.0,0.0,317,191,607,260,622,268,657,290,0.0,0.0
122,Yankuba,Minteh,Yankuba Minteh,Brighton,MID,2026-09-28 14:56:10.205677+00:00,0,0,5.8,0.0,0,0,0,0,0,0,0,0,0,0,0,0,0,0.0,0.0,0.0,0.0,0.0,0,0.0,0.0,0.0,334,6881,44,207,-0.2,0.2,-0.1,0.1,0.0,0.0,0.0,0.0,0,0,0,0,0,0.0,Leg injury - Expected back 28 Nov,649,288,654,289,647,287,654,289,5.0,,,,,,0.0,0.0,0.0,0.0,0.0,0.0,110,70,649,287,653,289,541,220,0.0,0.0
484,Omari,Hutchinson,Omari Hutchinson,Nott'm Forest,MID,2026-09-28 14:56:10.205677+00:00,0,0,5.4,0.1,0,0,0,0,0,0,0,0,0,0,0,0,0,0.0,0.0,0.0,0.0,0.0,0,0.0,0.0,0.0,427,10970,0,342,-0.1,0.1,0.0,0.0,0.0,0.0,0.0,0.0,0,0,0,0,0,0.0,Has joined AC Milan on loan for the rest of the season,634,277,637,279,624,272,639,278,,,,,,,0.0,0.0,0.0,0.0,0.0,0.0,204,128,632,276,639,279,458,179,0.0,0.0
117,Diego,Coppola,Diego Coppola,Brighton,DEF,2026-09-28 14:56:10.205677+00:00,0,0,4.5,0.0,0,0,0,0,0,0,0,0,0,0,0,0,0,0.0,0.0,0.0,0.0,0.0,0,0.0,0.0,0.0,918,1050,106,87,0.0,0.0,0.0,0.0,0.0,0.0,0.0,0.0,0,0,0,0,0,0.0,,519,198,516,197,473,190,524,198,,,,,,,0.0,0.0,0.0,0.0,0.0,0.0,501,124,505,194,533,198,573,194,0.0,0.0
614,Jaouen,Hadjam,Jaouen Hadjam,Brighton,DEF,2026-09-28 14:56:10.205677+00:00,0,0,4.5,0.0,0,0,0,0,0,0,0,0,0,0,0,0,0,0.0,0.0,0.0,0.0,0.0,0,0.0,0.0,0.0,3977,1947,238,242,0.0,0.0,0.0,0.0,0.0,0.0,0.0,0.0,0,0,0,0,0,0.0,,511,195,508,194,465,187,516,195,,,,,,,0.0,0.0,0.0,0.0,0.0,0.0,492,120,497,191,525,195,509,180,0.0,0.0
489,Ryan,Yates,Ryan Yates,Nott'm Forest,MID,2026-09-28 14:56:10.205677+00:00,0,0,4.5,1.2,0,0,0,0,0,0,0,0,0,0,0,0,0,0.0,0.0,0.0,0.0,0.0,0,0.0,0.0,0.0,30211,93425,565,7070,0.0,0.0,0.0,0.0,0.0,0.0,0.0,0.0,0,0,0,0,0,0.0,,491,202,486,208,436,180,496,203,,,,,,,0.0,0.0,0.0,0.0,0.0,0.0,451,259,475,194,505,210,166,51,0.0,0.0
485,Dilane,Bakwa,Dilane Bakwa,Nott'm Forest,MID,2026-09-28 14:56:10.205677+00:00,0,0,5.5,0.0,0,0,0,0,0,0,0,0,0,0,0,0,0,0.0,0.0,0.0,0.0,0.0,0,0.0,0.0,0.0,107,1174,0,32,0.0,0.0,0.0,0.0,0.0,0.0,0.0,0.0,0,0,0,0,0,0.0,Has joined Lille on loan for the rest of the season,644,283,650,285,638,279,649,284,,,,,,,0.0,0.0,0.0,0.0,0.0,0.0,151,93,642,282,649,285,637,274,0.0,0.0
121,Mitoma,Kaoru,Mitoma Mitoma,Brighton,MID,2026-09-28 14:56:10.205677+00:00,0,0,5.9,0.0,0,0,0,0,0,0,0,0,0,0,0,0,0,0.0,0.0,0.0,0.0,0.0,0,0.0,0.0,0.0,542,3102,116,165,-0.1,0.1,0.0,0.0,0.0,0.0,0.0,0.0,0,0,0,0,0,0.0,Hamstring injury - Expected back 10 Oct,653,290,657,291,651,289,657,291,,,,,,,0.0,0.0,0.0,0.0,0.0,0.0,87,57,653,289,656,291,542,221,0.0,0.0
118,Igor Julio,dos Santos de Paulo,Igor Julio Igor,Brighton,DEF,2026-09-28 14:56:10.205677+00:00,0,0,4.5,0.0,0,0,0,0,0,0,0,0,0,0,0,0,0,0.0,0.0,0.0,0.0,0.0,0,0.0,0.0,0.0,915,5915,0,272,0.0,0.0,0.0,0.0,0.0,0.0,0.0,0.0,0,0,0,0,0,0.0,Has joined Burnley permanently,494,188,489,187,440,177,499,188,,,,,,,0.0,0.0,0.0,0.0,0.0,0.0,457,101,479,183,508,188,518,181,0.0,0.0
468,John Victor,Maciel Furtado,John Victor John,Nott'm Forest,GKP,2026-09-28 14:56:10.205677+00:00,0,0,4.5,0.1,0,0,0,0,0,0,0,0,0,0,0,0,0,0.0,0.0,0.0,0.0,0.0,0,0.0,0.0,0.0,862,2004,55,144,0.0,0.0,0.0,0.0,0.0,0.0,0.0,0.0,0,0,0,0,0,0.0,,493,60,488,45,439,40,498,60,,,,,,,0.0,0.0,0.0,0.0,0.0,0.0,456,32,478,59,507,60,484,56,0.0,0.0
659,Mason,Miley,Mason Miley,Newcastle,MID,2026-09-28 14:56:10.205677+00:00,0,0,4.5,0.0,0,0,0,0,0,0,0,0,0,0,0,0,0,0.0,0.0,0.0,0.0,0.0,0,0.0,0.0,0.0,4793,1223,1355,621,0.0,0.0,0.0,0.0,0.0,0.0,0.0,0.0,0,0,0,0,0,0.0,,546,221,542,227,503,200,551,222,,,,,,,0.0,0.0,0.0,0.0,0.0,0.0,539,283,533,213,559,229,506,200,0.0,0.0
624,Amario,Cozier-Duberry,Amario Cozier-Duberry,Brighton,MID,2026-09-28 14:56:10.205677+00:00,0,0,5.0,0.0,0,0,0,0,0,0,0,0,0,0,0,0,0,0.0,0.0,0.0,0.0,0.0,0,0.0,0.0,0.0,117,113,0,5,0.0,0.0,0.0,0.0,0.0,0.0,0.0,0.0,0,0,0,0,0,0.0,Has joined Middlesbrough on loan for the rest of the season,611,261,617,266,594,252,617,263,,,,,,,0.0,0.0,0.0,0.0,0.0,0.0,312,188,605,258,620,266,666,298,0.0,0.0
652,Femi,Azeez,Femi Azeez,Brighton,MID,2026-09-28 14:56:10.205677+00:00,0,0,5.5,0.0,0,0,0,0,0,0,0,0,0,0,0,0,0,0.0,0.0,0.0,0.0,0.0,0,0.0,0.0,0.0,442,198,19,41,0.0,0.0,0.0,0.0,0.0,0.0,0.0,0.0,0,0,0,0,0,0.0,Hamstring injury - Expected back 10 Oct,643,282,649,284,637,278,648,283,,,,,,,0.0,0.0,0.0,0.0,0.0,0.0,149,91,641,281,648,284,650,285,0.0,0.0
448,Dan,Burn,Dan Burn,Newcastle,DEF,2026-09-28 14:56:10.205677+00:00,0,0,4.8,0.7,0,0,0,0,0,0,0,0,0,0,0,0,0,0.0,0.0,0.0,0.0,0.0,0,0.0,0.0,0.0,7313,160441,98,5533,-0.2,0.2,-0.1,0.1,0.0,0.0,0.0,0.0,0,0,0,0,0,0.0,Ankle injury - Expected back 12 Oct,550,202,547,201,508,196,555,202,,,,,,,0.0,0.0,0.0,0.0,0.0,0.0,405,72,537,199,563,202,210,81,0.0,0.0
172,Ben,Wilson,Ben Wilson,Coventry City,GKP,2026-09-28 14:56:10.205677+00:00,0,0,4.4,0.4,0,0,0,0,0,0,0,0,0,0,0,0,0,0.0,0.0,0.0,0.0,0.0,0,0.0,0.0,0.0,1395,12331,225,634,-0.1,0.1,0.0,0.0,0.0,0.0,0.0,0.0,0,0,0,0,0,0.0,,467,51,459,33,408,28,472,51,,,,,,,0.0,0.0,0.0,0.0,0.0,0.0,548,46,448,49,481,51,277,37,0.0,0.0
171,Oliver,Dovin,Oliver Dovin,Coventry City,GKP,2026-09-28 14:56:10.205677+00:00,0,0,4.0,1.0,0,0,0,0,0,0,0,0,0,0,0,0,0,0.0,0.0,0.0,0.0,0.0,0,0.0,0.0,0.0,8924,57695,0,4527,0.0,0.0,0.0,0.0,0.0,0.0,0.0,0.0,0,0,0,0,0,0.0,Has joined Leyton Orient on loan for the rest of the season,439,46,430,27,374,22,444,46,,,,,,,0.0,0.0,0.0,0.0,0.0,0.0,629,70,418,44,453,46,177,27,0.0,0.0
451,Alex,Murphy,Alex A.Murphy,Newcastle,DEF,2026-09-28 14:56:10.205677+00:00,0,0,4.0,0.1,0,0,0,0,0,0,0,0,0,0,0,0,0,0.0,0.0,0.0,0.0,0.0,0,0.0,0.0,0.0,0,6929,0,278,0.0,0.0,0.0,0.0,0.0,0.0,0.0,0.0,0,0,0,0,0,0.0,Has joined FC Kaiserslautern on loan for the rest of the season,447,164,438,163,382,148,452,164,,,,,,,0.0,0.0,0.0,0.0,0.0,0.0,639,190,426,154,461,164,489,175,0.0,0.0
561,Aaron,Anselmino,Aaron Anselmino,Chelsea,DEF,2026-09-28 14:56:10.205677+00:00,0,0,4.5,0.0,0,0,0,0,0,0,0,0,0,0,0,0,0,0.0,0.0,0.0,0.0,0.0,0,0.0,0.0,0.0,817,1249,60,101,0.0,0.0,0.0,0.0,0.0,0.0,0.0,0.0,0,0,0,0,0,0.0,,537,201,533,200,493,195,542,201,,,,,,,0.0,0.0,0.0,0.0,0.0,0.0,528,133,524,198,550,201,571,193,0.0,0.0
560,Mike,Penders,Mike Penders,Chelsea,GKP,2026-09-28 14:56:10.205677+00:00,0,0,4.4,0.1,0,0,0,0,0,0,0,0,0,0,0,0,0,0.0,0.0,0.0,0.0,0.0,0,0.0,0.0,0.0,2008,3606,233,286,-0.1,0.1,0.0,0.0,0.0,0.0,0.0,0.0,0,0,0,0,0,0.0,,477,52,469,34,419,29,482,52,,,,,,,0.0,0.0,0.0,0.0,0.0,0.0,572,47,459,50,491,52,471,55,0.0,0.0
170,Emmanuel,Emegha,Emmanuel Emegha,Chelsea,FWD,2026-09-28 14:56:10.205677+00:00,0,0,4.9,0.1,0,0,0,0,0,0,0,0,0,0,0,0,0,0.0,0.0,0.0,0.0,0.0,0,0.0,0.0,0.0,6072,12552,72,1045,-0.1,0.1,-0.1,0.1,0.0,0.0,0.0,0.0,0,0,0,0,0,0.0,Hamstring injury - Expected back 10 Oct,575,59,575,63,541,58,581,63,,,,,,,0.0,0.0,0.0,0.0,0.0,0.0,385,65,567,58,586,64,407,62,0.0,0.0
458,Joelinton Cássio,Apolinário de Lira,Joelinton Cássio Joelinton,Newcastle,MID,2026-09-28 14:56:10.205677+00:00,0,0,5.4,0.0,0,0,0,0,0,0,0,0,0,0,0,0,0,0.0,0.0,0.0,0.0,0.0,0,0.0,0.0,0.0,223,2235,12,73,-0.1,0.1,0.0,0.0,0.0,0.0,0.0,0.0,0,0,0,0,0,0.0,Unspecified injury - Unknown return date,629,273,632,275,618,267,634,274,,,,,,,0.0,0.0,0.0,0.0,0.0,0.0,172,108,622,269,635,275,576,237,0.0,0.0
169,Shumaira,Mheuka,Shumaira Mheuka,Chelsea,FWD,2026-09-28 14:56:10.205677+00:00,0,0,4.5,0.5,0,0,0,0,0,0,0,0,0,0,0,0,0,0.0,0.0,0.0,0.0,0.0,0,0.0,0.0,0.0,32017,25169,4296,3380,0.0,0.0,0.0,0.0,0.0,0.0,0.0,0.0,0,0,0,0,0,0.0,,524,52,520,56,478,51,529,56,,,,,,,0.0,0.0,0.0,0.0,0.0,0.0,507,73,510,51,537,57,251,41,0.0,0.0
168,Marc,Guiu Paz,Marc Marc Guiu,Chelsea,FWD,2026-09-28 14:56:10.205677+00:00,0,0,5.0,0.2,0,0,0,0,0,0,0,0,0,0,0,0,0,0.0,0.0,0.0,0.0,0.0,0,0.0,0.0,0.0,4102,33195,0,1471,0.0,0.0,0.0,0.0,0.0,0.0,0.0,0.0,0,0,0,0,0,0.0,Has joined RB Leipzig permanently,608,64,614,68,591,63,614,68,,,,,,,0.0,0.0,0.0,0.0,0.0,0.0,305,57,602,63,617,69,336,53,0.0,0.0
163,Dário,Luís Essugo,Dário D.Essugo,Chelsea,MID,2026-09-28 14:56:10.205677+00:00,0,0,4.5,0.1,0,0,0,0,0,0,0,0,0,0,0,0,0,0.0,0.0,0.0,0.0,0.0,0,0.0,0.0,0.0,2698,14400,0,688,0.0,0.0,0.0,0.0,0.0,0.0,0.0,0.0,0,0,0,0,0,0.0,Has joined RC Strasbourg on loan for the rest of the season,505,204,502,210,459,182,510,205,,,,,,,0.0,0.0,0.0,0.0,0.0,0.0,486,262,491,196,519,212,429,161,0.0,0.0
158,Jamie,Bynoe-Gittens,Jamie Gittens,Chelsea,MID,2026-09-28 14:56:10.205677+00:00,0,0,5.8,0.0,0,0,0,0,0,0,0,0,0,0,0,0,0,0.0,0.0,0.0,0.0,0.0,0,0.0,0.0,0.0,1130,2861,151,231,-0.2,0.2,-0.1,0.1,0.0,0.0,0.0,0.0,0,0,0,0,0,0.0,Ankle injury - 75% chance of playing,648,287,653,288,645,285,653,288,,,,,,,0.0,0.0,0.0,0.0,0.0,0.0,105,68,647,286,652,288,550,227,0.0,0.0
152,Marco,Palestra,Marco Palestra,Chelsea,DEF,2026-09-28 14:56:10.205677+00:00,0,0,5.3,0.6,0,0,0,0,0,0,0,0,0,0,0,0,0,0.0,0.0,0.0,0.0,0.0,0,0.0,0.0,0.0,6654,220176,194,3635,-0.2,0.2,0.0,0.0,0.0,0.0,0.0,0.0,0,0,0,0,0,0.0,Thigh injury - 50% chance of playing,627,215,630,215,615,213,632,215,,,,,,,0.0,0.0,0.0,0.0,0.0,0.0,237,34,619,213,633,214,230,88,0.0,0.0
150,Mamadou,Sarr,Mamadou M.Sarr,Chelsea,DEF,2026-09-28 14:56:10.205677+00:00,0,0,4.5,0.0,0,0,0,0,0,0,0,0,0,0,0,0,0,0.0,0.0,0.0,0.0,0.0,0,0.0,0.0,0.0,429,5975,0,159,0.0,0.0,0.0,0.0,0.0,0.0,0.0,0.0,0,0,0,0,0,0.0,Has joined Real Sociedad on loan for the rest of the season,526,199,522,198,480,191,531,199,,,,,,,0.0,0.0,0.0,0.0,0.0,0.0,509,126,512,195,539,199,552,188,0.0,0.0
466,Sean,Neave,Sean Neave,Newcastle,FWD,2026-09-28 14:56:10.205677+00:00,0,0,4.5,0.5,0,0,0,0,0,0,0,0,0,0,0,0,0,0.0,0.0,0.0,0.0,0.0,0,0.0,0.0,0.0,23805,52346,0,3724,0.0,0.0,0.0,0.0,0.0,0.0,0.0,0.0,0,0,0,0,0,0.0,Has joined Wolves on loan for the rest of the season,534,55,530,59,488,54,539,59,,,,,,,0.0,0.0,0.0,0.0,0.0,0.0,520,76,520,54,547,60,247,40,0.0,0.0
146,Benoît,Badiashile Mukinayi,Benoît B.Badiashile,Chelsea,DEF,2026-09-28 14:56:10.205677+00:00,0,0,4.5,0.0,0,0,0,0,0,0,0,0,0,0,0,0,0,0.0,0.0,0.0,0.0,0.0,0,0.0,0.0,0.0,232,1938,0,41,0.0,0.0,0.0,0.0,0.0,0.0,0.0,0.0,0,0,0,0,0,0.0,Has joined Napoli on loan for the rest of the season,497,190,493,189,444,179,502,190,,,,,,,0.0,0.0,0.0,0.0,0.0,0.0,463,105,482,185,511,190,611,206,0.0,0.0
143,Trevoh,Chalobah,Trevoh Chalobah,Chelsea,DEF,2026-09-28 14:56:10.205677+00:00,0,0,5.5,0.1,0,0,0,0,0,0,0,0,0,0,0,0,0,0.0,0.0,0.0,0.0,0.0,0,0.0,0.0,0.0,0,13923,0,293,0.0,0.0,0.0,0.0,0.0,0.0,0.0,0.0,0,0,0,0,0,0.0,Has joined Como permanently,638,216,643,216,630,214,643,216,,,,,,,0.0,0.0,0.0,0.0,0.0,0.0,131,14,636,214,643,215,469,167,0.0,0.0
141,Filip,Jörgensen,Filip Jörgensen,Chelsea,GKP,2026-09-28 14:56:10.205677+00:00,0,0,5.0,0.0,0,0,0,0,0,0,0,0,0,0,0,0,0,0.0,0.0,0.0,0.0,0.0,0,0.0,0.0,0.0,0,948,0,30,0.0,0.0,0.0,0.0,0.0,0.0,0.0,0.0,0,0,0,0,0,0.0,Has joined RC Strasbourg on loan for the rest of the season,610,73,616,70,593,69,616,73,,,,,,,0.0,0.0,0.0,0.0,0.0,0.0,308,14,604,73,619,73,617,72,0.0,0.0
609,Leo,Shahar,Leo Shahar,Newcastle,DEF,2026-09-28 14:56:10.205677+00:00,0,0,4.0,0.2,0,0,0,0,0,0,0,0,0,0,0,0,0,0.0,0.0,0.0,0.0,0.0,0,0.0,0.0,0.0,18236,15694,0,1796,0.0,0.0,0.0,0.0,0.0,0.0,0.0,0.0,0,0,0,0,0,0.0,has joined Arouca on loan for the rest of the seaon.,451,168,442,167,386,152,456,168,,,,,,,0.0,0.0,0.0,0.0,0.0,0.0,643,194,430,158,465,168,352,133,0.0,0.0
658,Younes,Ibrahim,Younes Ibrahim,Brighton,MID,2026-09-28 14:56:10.205677+00:00,0,0,4.5,0.0,0,0,0,0,0,0,0,0,0,0,0,0,0,0.0,0.0,0.0,0.0,0.0,0,0.0,0.0,0.0,1462,476,299,208,0.0,0.0,0.0,0.0,0.0,0.0,0.0,0.0,0,0,0,0,0,0.0,,544,220,540,226,501,199,549,221,,,,,,,0.0,0.0,0.0,0.0,0.0,0.0,537,282,531,212,557,228,592,246,0.0,0.0
657,Gustavo,Nunes Fernandes Gomes,Gustavo Nunes,Brentford,MID,2026-09-28 14:56:10.205677+00:00,0,0,4.5,0.0,0,0,0,0,0,0,0,0,0,0,0,0,0,0.0,0.0,0.0,0.0,0.0,0,0.0,0.0,0.0,2072,656,330,263,0.0,0.0,0.0,0.0,0.0,0.0,0.0,0.0,0,0,0,0,0,0.0,,538,215,534,221,494,193,543,216,,,,,,,0.0,0.0,0.0,0.0,0.0,0.0,529,276,525,207,551,223,557,230,0.0,0.0
663,Miodrag,Pivas,Miodrag Pivas,Newcastle,DEF,2026-09-28 14:56:10.205677+00:00,0,0,4.0,0.0,0,0,0,0,0,0,0,0,0,0,0,0,0,0.0,0.0,0.0,0.0,0.0,0,0.0,0.0,0.0,372,50,372,50,0.0,0.0,0.0,0.0,0.0,0.0,0.0,0.0,0,0,0,0,0,0.0,,456,173,447,172,392,158,461,173,,,,,,,0.0,0.0,0.0,0.0,0.0,0.0,651,202,436,164,470,173,635,212,0.0,0.0
664,Vakhtang,Salia,Vakhtang Salia,Newcastle,FWD,2026-09-28 14:56:10.205677+00:00,0,0,4.5,0.1,0,0,0,0,0,0,0,0,0,0,0,0,0,0.0,0.0,0.0,0.0,0.0,0,0.0,0.0,0.0,9067,1439,9067,1439,0.0,0.0,0.0,0.0,0.0,0.0,0.0,0.0,0,0,0,0,0,0.0,,535,56,531,60,489,55,540,60,,,,,,,0.0,0.0,0.0,0.0,0.0,0.0,521,77,521,55,548,61,398,59,0.0,0.0
665,Michael,Mills,Michael Mills,Newcastle,MID,2026-09-28 14:56:10.205677+00:00,0,0,4.5,0.0,0,0,0,0,0,0,0,0,0,0,0,0,0,0.0,0.0,0.0,0.0,0.0,0,0.0,0.0,0.0,153,26,153,26,0.0,0.0,0.0,0.0,0.0,0.0,0.0,0.0,0,0,0,0,0,0.0,,543,219,539,225,500,198,548,220,,,,,,,0.0,0.0,0.0,0.0,0.0,0.0,536,281,530,211,556,227,653,287,0.0,0.0
666,Kyran,Thompson,Kyran Thompson,Newcastle,MID,2026-09-28 14:56:10.205677+00:00,0,0,4.5,0.0,0,0,0,0,0,0,0,0,0,0,0,0,0,0.0,0.0,0.0,0.0,0.0,0,0.0,0.0,0.0,224,34,224,34,0.0,0.0,0.0,0.0,0.0,0.0,0.0,0.0,0,0,0,0,0,0.0,,547,222,543,228,504,201,552,223,,,,,,,0.0,0.0,0.0,0.0,0.0,0.0,540,284,534,214,560,230,647,282,0.0,0.0
660,Benjamin,Fredrick,Benjamin Fredrick,Brentford,DEF,2026-09-28 14:56:10.205677+00:00,0,0,4.0,0.0,0,0,0,0,0,0,0,0,0,0,0,0,0,0.0,0.0,0.0,0.0,0.0,0,0.0,0.0,0.0,502,63,502,63,0.0,0.0,0.0,0.0,0.0,0.0,0.0,0.0,0,0,0,0,0,0.0,,460,176,451,175,396,161,465,176,,,,,,,0.0,0.0,0.0,0.0,0.0,0.0,656,206,440,167,474,176,624,211,0.0,0.0
554,Kayne,van Oevelen,Kayne Van Oevelen,Ipswich Town,GKP,2026-09-28 14:56:10.205677+00:00,0,0,4.5,0.0,0,0,0,0,0,0,0,0,0,0,0,0,0,0.0,0.0,0.0,0.0,0.0,0,0.0,0.0,0.0,54,1951,0,77,0.0,0.0,0.0,0.0,0.0,0.0,0.0,0.0,0,0,0,0,0,0.0,Has joined Valencia on loan for the rest of the season,516,66,513,53,470,51,521,66,,,,,,,0.0,0.0,0.0,0.0,0.0,0.0,498,43,502,65,530,66,582,70,0.0,0.0
590,Steven,Benda,Steven Benda,Nott'm Forest,GKP,2026-09-28 14:56:10.205677+00:00,0,0,4.5,0.1,0,0,0,0,0,0,0,0,0,0,0,0,0,0.0,0.0,0.0,0.0,0.0,0,0.0,0.0,0.0,2660,2831,120,230,0.0,0.0,0.0,0.0,0.0,0.0,0.0,0.0,0,0,0,0,0,0.0,,500,62,496,48,448,43,505,62,,,,,,,0.0,0.0,0.0,0.0,0.0,0.0,471,35,486,61,514,62,464,53,0.0,0.0
39,Kosta,Nedeljkovic,Kosta Nedeljkovic,Aston Villa,DEF,2026-09-28 14:56:10.205677+00:00,0,0,4.0,0.1,0,0,0,0,0,0,0,0,0,0,0,0,0,0.0,0.0,0.0,0.0,0.0,0,0.0,0.0,0.0,0,15205,0,520,0.0,0.0,0.0,0.0,0.0,0.0,0.0,0.0,0,0,0,0,0,0.0,Has joined Rangers on loan for the rest of the season,457,174,448,173,393,159,462,174,,,,,,,0.0,0.0,0.0,0.0,0.0,0.0,652,203,437,165,471,174,379,145,0.0,0.0
630,Taylor,Harwood-Bellis,Taylor Harwood-Bellis,Aston Villa,DEF,2026-09-28 14:56:10.205677+00:00,0,0,4.5,0.0,0,0,0,0,0,0,0,0,0,0,0,0,0,0.0,0.0,0.0,0.0,0.0,0,0.0,0.0,0.0,2155,980,178,174,0.0,0.0,0.0,0.0,0.0,0.0,0.0,0.0,0,0,0,0,0,0.0,,499,192,495,191,446,181,504,192,,,,,,,0.0,0.0,0.0,0.0,0.0,0.0,469,110,484,187,513,192,577,197,0.0,0.0
618,Leon,Goretzka,Leon Goretzka,Aston Villa,MID,2026-09-28 14:56:10.205677+00:00,0,0,5.9,0.0,0,0,0,0,0,0,0,0,0,0,0,0,0,0.0,0.0,0.0,0.0,0.0,0,0.0,0.0,0.0,4631,4717,22,403,-0.1,0.1,0.0,0.0,0.0,0.0,0.0,0.0,0,0,0,0,0,0.0,Knee injury - Expected back 10 Oct,650,289,655,290,648,288,655,290,,,,,,,0.0,0.0,0.0,0.0,0.0,0.0,80,53,650,288,654,290,556,229,0.0,0.0
607,Luka,Lynch,Luka Lynch,Aston Villa,MID,2026-09-28 14:56:10.205677+00:00,0,0,4.5,0.1,0,0,0,0,0,0,0,0,0,0,0,0,0,0.0,0.0,0.0,0.0,0.0,0,0.0,0.0,0.0,7103,8128,0,684,0.0,0.0,0.0,0.0,0.0,0.0,0.0,0.0,0,0,0,0,0,0.0,Has joined Oxford United on loan until January,525,209,521,215,479,187,530,210,,,,,,,0.0,0.0,0.0,0.0,0.0,0.0,508,267,511,201,538,217,474,184,0.0,0.0
528,Dane,Scarlett,Dane Scarlett,Spurs,FWD,2026-09-28 14:56:10.205677+00:00,0,0,4.5,1.1,0,0,0,0,0,0,0,0,0,0,0,0,0,0.0,0.0,0.0,0.0,0.0,0,0.0,0.0,0.0,42525,109300,0,7733,0.0,0.0,0.0,0.0,0.0,0.0,0.0,0.0,0,0,0,0,0,0.0,Has joined Leyton Orient permanently,504,45,501,50,458,44,509,49,,,,,,,0.0,0.0,0.0,0.0,0.0,0.0,485,66,490,44,518,51,169,27,0.0,0.0
606,Triston,Rowe,Triston Rowe,Aston Villa,DEF,2026-09-28 14:56:10.205677+00:00,0,0,4.0,0.2,0,0,0,0,0,0,0,0,0,0,0,0,0,0.0,0.0,0.0,0.0,0.0,0,0.0,0.0,0.0,12993,6122,297,867,0.0,0.0,0.0,0.0,0.0,0.0,0.0,0.0,0,0,0,0,0,0.0,,452,169,443,168,388,154,457,169,,,,,,,0.0,0.0,0.0,0.0,0.0,0.0,646,197,432,160,466,169,360,137,0.0,0.0
601,Luca,Williams-Barnett,Luca Williams-Barnett,Spurs,MID,2026-09-28 14:56:10.205677+00:00,0,0,4.5,0.1,0,0,0,0,0,0,0,0,0,0,0,0,0,0.0,0.0,0.0,0.0,0.0,0,0.0,0.0,0.0,10242,7015,160,732,0.0,0.0,0.0,0.0,0.0,0.0,0.0,0.0,0,0,0,0,0,0.0,,536,214,532,220,490,192,541,215,,,,,,,0.0,0.0,0.0,0.0,0.0,0.0,524,274,522,206,549,222,385,142,0.0,0.0
582,Brian,Madjo,Brian Madjo,Aston Villa,FWD,2026-09-28 14:56:10.205677+00:00,0,0,5.4,0.2,0,0,0,0,0,0,0,0,0,0,0,0,0,0.0,0.0,0.0,0.0,0.0,0,0.0,0.0,0.0,2862,30458,177,1687,-0.1,0.1,0.0,0.0,0.0,0.0,0.0,0.0,0,0,0,0,0,0.0,Unspecified injury - Unknown return date,636,71,639,75,626,72,641,75,,,,,,,0.0,0.0,0.0,0.0,0.0,0.0,214,48,634,72,641,75,331,52,0.0,0.0
55,Ollie,Watkins,Ollie Watkins,Aston Villa,FWD,2026-09-28 14:56:10.205677+00:00,0,0,7.8,2.5,0,0,0,0,0,0,0,0,0,0,0,0,0,0.0,0.0,0.0,0.0,0.0,0,0.0,0.0,0.0,14882,759283,0,11902,-0.2,0.2,0.0,0.0,0.0,0.0,0.0,0.0,0,0,0,0,0,0.0,Has joined Al Hilal permanently,667,79,667,79,667,79,667,79,,,,,,,0.0,0.0,0.0,0.0,0.0,0.0,12,3,665,79,666,79,117,19,0.0,0.0
530,Anthony,Patterson,Anthony Patterson,Sunderland,GKP,2026-09-28 14:56:10.205677+00:00,0,0,4.0,0.1,0,0,0,0,0,0,0,0,0,0,0,0,0,0.0,0.0,0.0,0.0,0.0,0,0.0,0.0,0.0,0,5987,0,335,0.0,0.0,0.0,0.0,0.0,0.0,0.0,0.0,0,0,0,0,0,0.0,Has joined Wrexham permanently,429,39,420,20,364,15,434,39,,,,,,,0.0,0.0,0.0,0.0,0.0,0.0,614,63,407,37,443,39,395,45,0.0,0.0
531,Melker,Ellborg,Melker Ellborg,Sunderland,GKP,2026-09-28 14:56:10.205677+00:00,0,0,4.5,0.1,0,0,0,0,0,0,0,0,0,0,0,0,0,0.0,0.0,0.0,0.0,0.0,0,0.0,0.0,0.0,1164,3316,125,235,0.0,0.0,0.0,0.0,0.0,0.0,0.0,0.0,0,0,0,0,0,0.0,,512,65,509,52,466,50,517,65,,,,,,,0.0,0.0,0.0,0.0,0.0,0.0,494,42,498,64,526,65,445,51,0.0,0.0
50,Bradley,Burrowes,Bradley Burrowes,Aston Villa,MID,2026-09-28 14:56:10.205677+00:00,0,0,4.5,0.6,0,0,0,0,0,0,0,0,0,0,0,0,0,0.0,0.0,0.0,0.0,0.0,0,0.0,0.0,0.0,21436,34981,611,3257,0.0,0.0,0.0,0.0,0.0,0.0,0.0,0.0,0,0,0,0,0,0.0,,542,218,538,224,499,197,547,219,,,,,,,0.0,0.0,0.0,0.0,0.0,0.0,535,280,529,210,555,226,239,75,0.0,0.0
49,Samuel,Iling-Junior,Samuel Iling Jr,Aston Villa,MID,2026-09-28 14:56:10.205677+00:00,0,0,5.0,0.0,0,0,0,0,0,0,0,0,0,0,0,0,0,0.0,0.0,0.0,0.0,0.0,0,0.0,0.0,0.0,0,235,0,10,0.0,0.0,0.0,0.0,0.0,0.0,0.0,0.0,0,0,0,0,0,0.0,Has joined Bolton Wanderers on loan for the rest of the season,598,254,603,259,580,245,604,256,,,,,,,0.0,0.0,0.0,0.0,0.0,0.0,289,174,592,251,607,259,661,294,0.0,0.0
48,Amadou,Onana,Amadou Onana,Aston Villa,MID,2026-09-28 14:56:10.205677+00:00,0,0,4.9,0.0,0,0,0,0,0,0,0,0,0,0,0,0,0,0.0,0.0,0.0,0.0,0.0,0,0.0,0.0,0.0,509,1661,38,91,-0.1,0.1,0.0,0.0,0.0,0.0,0.0,0.0,0,0,0,0,0,0.0,Knee injury - Unknown return date,571,236,569,242,535,218,577,238,,,,,,,0.0,0.0,0.0,0.0,0.0,0.0,370,221,561,230,582,243,588,244,0.0,0.0
44,Leon,Bailey,Leon Bailey,Aston Villa,MID,2026-09-28 14:56:10.205677+00:00,0,0,5.4,0.1,0,0,0,0,0,0,0,0,0,0,0,0,0,0.0,0.0,0.0,0.0,0.0,0,0.0,0.0,0.0,2096,13186,0,455,-0.1,0.1,0.0,0.0,0.0,0.0,0.0,0.0,0,0,0,0,0,0.0,Has joined Olympiakos permanently,630,274,633,276,620,269,635,275,,,,,,,0.0,0.0,0.0,0.0,0.0,0.0,179,113,625,271,636,276,493,193,0.0,0.0
537,Jenson,Seelt,Jenson Seelt,Sunderland,DEF,2026-09-28 14:56:10.205677+00:00,0,0,4.5,0.0,0,0,0,0,0,0,0,0,0,0,0,0,0,0.0,0.0,0.0,0.0,0.0,0,0.0,0.0,0.0,61,664,0,22,0.0,0.0,0.0,0.0,0.0,0.0,0.0,0.0,0,0,0,0,0,0.0,Has joined Swansea City on loan for the rest of the season,513,196,510,195,467,188,518,196,,,,,,,0.0,0.0,0.0,0.0,0.0,0.0,495,122,499,192,527,196,638,213,0.0,0.0
107,Kaye,Furo,Kaye Furo,Brentford,FWD,2026-09-28 14:56:10.205677+00:00,0,0,4.5,0.9,0,0,0,0,0,0,0,0,0,0,0,0,0,0.0,0.0,0.0,0.0,0.0,0,0.0,0.0,0.0,61663,66307,590,9145,0.0,0.0,0.0,0.0,0.0,0.0,0.0,0.0,0,0,0,0,0,0.0,Unspecified injury - Unknown return date,530,53,526,57,484,52,535,57,,,,,,,0.0,0.0,0.0,0.0,0.0,0.0,516,74,516,52,543,58,193,31,0.0,0.0
538,Leo Fuhr,Hjelde,Leo Fuhr Hjelde,Sunderland,DEF,2026-09-28 14:56:10.205677+00:00,0,0,4.0,0.0,0,0,0,0,0,0,0,0,0,0,0,0,0,0.0,0.0,0.0,0.0,0.0,0,0.0,0.0,0.0,0,2519,0,148,0.0,0.0,0.0,0.0,0.0,0.0,0.0,0.0,0,0,0,0,0,0.0,Has joined KV Mechelen on loan for the rest of the season,437,158,428,157,372,142,442,158,,,,,,,0.0,0.0,0.0,0.0,0.0,0.0,627,182,416,148,451,158,525,185,0.0,0.0
38,Andrés,García,Andrés A.García,Aston Villa,DEF,2026-09-28 14:56:10.205677+00:00,0,0,4.0,1.5,0,0,0,0,0,0,0,0,0,0,0,0,0,0.0,0.0,0.0,0.0,0.0,0,0.0,0.0,0.0,45220,67721,1774,5821,0.0,0.0,0.0,0.0,0.0,0.0,0.0,0.0,0,0,0,0,0,0.0,,459,175,450,174,395,160,464,175,,,,,,,0.0,0.0,0.0,0.0,0.0,0.0,655,205,439,166,473,175,147,59,0.0,0.0
540,Arthur,Masuaku,Arthur Masuaku,Sunderland,DEF,2026-09-28 14:56:10.205677+00:00,0,0,4.0,0.1,0,0,0,0,0,0,0,0,0,0,0,0,0,0.0,0.0,0.0,0.0,0.0,0,0.0,0.0,0.0,0,11535,0,602,0.0,0.0,0.0,0.0,0.0,0.0,0.0,0.0,0,0,0,0,0,0.0,Has joined Konyaspor permanently,419,152,407,148,351,133,423,151,,,,,,,0.0,0.0,0.0,0.0,0.0,0.0,596,163,395,139,433,152,378,144,0.0,0.0
30,Lucas,Digne,Lucas Digne,Aston Villa,DEF,2026-09-28 14:56:10.205677+00:00,0,0,4.5,0.0,0,0,0,0,0,0,0,0,0,0,0,0,0,0.0,0.0,0.0,0.0,0.0,0,0.0,0.0,0.0,0,8622,0,211,0.0,0.0,0.0,0.0,0.0,0.0,0.0,0.0,0,0,0,0,0,0.0,Has joined Paris Saint-Germain permanently,485,186,479,185,429,174,490,186,,,,,,,0.0,0.0,0.0,0.0,0.0,0.0,435,87,469,180,499,186,499,177,0.0,0.0
27,Gabriel,Fernando de Jesus,Gabriel G.Jesus,Arsenal,FWD,2026-09-28 14:56:10.205677+00:00,0,0,5.9,0.1,0,0,0,0,0,0,0,0,0,0,0,0,0,0.0,0.0,0.0,0.0,0.0,0,0.0,0.0,0.0,4164,29247,0,972,-0.1,0.1,0.0,0.0,0.0,0.0,0.0,0.0,0,0,0,0,0,0.0,Has joined FC Barcelona permanently,651,73,656,77,649,74,656,77,,,,,,,0.0,0.0,0.0,0.0,0.0,0.0,82,21,651,75,655,77,371,56,0.0,0.0
24,Reiss,Nelson,Reiss Nelson,Arsenal,MID,2026-09-28 14:56:10.205677+00:00,0,0,5.5,0.0,0,0,0,0,0,0,0,0,0,0,0,0,0,0.0,0.0,0.0,0.0,0.0,0,0.0,0.0,0.0,68,676,0,22,0.0,0.0,0.0,0.0,0.0,0.0,0.0,0.0,0,0,0,0,0,0.0,has departed the club as a free agent.,639,278,644,280,631,273,644,279,,,,,,,0.0,0.0,0.0,0.0,0.0,0.0,133,80,637,277,644,280,642,277,0.0,0.0
546,Simon,Adingra,Simon Adingra,Sunderland,MID,2026-09-28 14:56:10.205677+00:00,0,0,4.9,0.0,0,0,0,0,0,0,0,0,0,0,0,0,0,0.0,0.0,0.0,0.0,0.0,0,0.0,0.0,0.0,240,7411,0,183,-0.1,0.1,0.0,0.0,0.0,0.0,0.0,0.0,0,0,0,0,0,0.0,Has joined Ajax on loan for the rest of the season,577,241,577,247,544,224,583,243,,,,,,,0.0,0.0,0.0,0.0,0.0,0.0,389,233,570,237,588,248,559,232,0.0,0.0
23,Fábio,Ferreira Vieira,Fábio Fábio Vieira,Arsenal,MID,2026-09-28 14:56:10.205677+00:00,0,0,5.5,0.0,0,0,0,0,0,0,0,0,0,0,0,0,0,0.0,0.0,0.0,0.0,0.0,0,0.0,0.0,0.0,255,916,0,37,0.0,0.0,0.0,0.0,0.0,0.0,0.0,0.0,0,0,0,0,0,0.0,Has joined Hamburger SV permanently,642,281,648,283,635,276,647,282,,,,,,,0.0,0.0,0.0,0.0,0.0,0.0,144,87,640,280,647,283,634,272,0.0,0.0
22,Ethan,Nwaneri,Ethan Nwaneri,Arsenal,MID,2026-09-28 14:56:10.205677+00:00,0,0,5.4,0.0,0,0,0,0,0,0,0,0,0,0,0,0,0,0.0,0.0,0.0,0.0,0.0,0,0.0,0.0,0.0,233,1248,0,48,-0.1,0.1,0.0,0.0,0.0,0.0,0.0,0.0,0,0,0,0,0,0.0,Has joined Borussia Dortmund on loan for the rest of the season,633,276,636,278,623,271,638,277,,,,,,,0.0,0.0,0.0,0.0,0.0,0.0,203,127,631,275,638,278,630,268,0.0,0.0
550,Djiamgone Jocelin Ta,Bi,Djiamgone Jocelin Ta Jocelin.T,Sunderland,MID,2026-09-28 14:56:10.205677+00:00,0,0,5.0,0.0,0,0,0,0,0,0,0,0,0,0,0,0,0,0.0,0.0,0.0,0.0,0.0,0,0.0,0.0,0.0,301,420,27,39,0.0,0.0,0.0,0.0,0.0,0.0,0.0,0.0,0,0,0,0,0,0.0,,621,268,627,273,606,260,627,270,,,,,,,0.0,0.0,0.0,0.0,0.0,0.0,336,202,615,265,630,273,631,269,0.0,0.0
18,Gabriel,Martinelli Silva,Gabriel Martinelli,Arsenal,MID,2026-09-28 14:56:10.205677+00:00,0,0,6.3,0.1,0,0,0,0,0,0,0,0,0,0,0,0,0,0.0,0.0,0.0,0.0,0.0,0,0.0,0.0,0.0,2483,21833,0,532,-0.2,0.2,0.0,0.0,0.0,0.0,0.0,0.0,0,0,0,0,0,0.0,Has joined Al Hilal permanently,661,295,662,295,660,295,662,295,,,,,,,0.0,0.0,0.0,0.0,0.0,0.0,48,33,660,294,661,295,470,182,0.0,0.0
6,William,Saliba,William Saliba,Arsenal,DEF,2026-09-28 14:56:10.205677+00:00,0,0,5.9,0.2,0,0,0,0,0,0,0,0,0,0,0,0,0,0.0,0.0,0.0,0.0,0.0,0,0.0,0.0,0.0,3453,18602,371,1049,-0.1,0.1,0.0,0.0,0.0,0.0,0.0,0.0,0,0,0,0,0,0.0,Back injury - Unknown return date,654,217,658,217,652,216,658,217,,,,,,,0.0,0.0,0.0,0.0,0.0,0.0,88,8,654,216,657,216,329,122,0.0,0.0
613,Jules,Ahoka,Jules Ahoka,Sunderland,MID,2026-09-28 14:56:10.205677+00:00,0,0,4.5,0.2,0,0,0,0,0,0,0,0,0,0,0,0,0,0.0,0.0,0.0,0.0,0.0,0,0.0,0.0,0.0,25362,14242,567,1544,0.0,0.0,0.0,0.0,0.0,0.0,0.0,0.0,0,0,0,0,0,0.0,,549,224,545,230,506,203,554,225,,,,,,,0.0,0.0,0.0,0.0,0.0,0.0,542,286,536,216,562,232,316,112,0.0,0.0
3,Illan,Meslier,Illan Meslier,Arsenal,GKP,2026-09-28 14:56:10.205677+00:00,0,0,4.9,0.0,0,0,0,0,0,0,0,0,0,0,0,0,0,0.0,0.0,0.0,0.0,0.0,0,0.0,0.0,0.0,512,1577,45,117,-0.1,0.1,0.0,0.0,0.0,0.0,0.0,0.0,0,0,0,0,0,0.0,,568,69,566,58,532,56,574,69,,,,,,,0.0,0.0,0.0,0.0,0.0,0.0,366,18,558,69,579,69,547,63,0.0,0.0
524,Callum,Olusesi,Callum Olusesi,Spurs,MID,2026-09-28 14:56:10.205677+00:00,0,0,4.4,1.0,0,0,0,0,0,0,0,0,0,0,0,0,0,0.0,0.0,0.0,0.0,0.0,0,0.0,0.0,0.0,55618,49213,6002,7368,-0.1,0.1,0.0,0.0,0.0,0.0,0.0,0.0,0,0,0,0,0,0.0,,475,196,467,202,417,174,480,197,,,,,,,0.0,0.0,0.0,0.0,0.0,0.0,570,294,457,188,489,204,181,58,0.0,0.0
667,James,Wright,James Wright,Aston Villa,GKP,2026-09-28 14:56:10.205677+00:00,0,0,4.0,0.1,0,0,0,0,0,0,0,0,0,0,0,0,0,0.0,0.0,0.0,0.0,0.0,0,0.0,0.0,0.0,6804,765,6804,765,0.0,0.0,0.0,0.0,0.0,0.0,0.0,0.0,0,0,0,0,0,0.0,,438,45,429,26,373,21,443,45,,,,,,,0.0,0.0,0.0,0.0,0.0,0.0,628,69,417,43,452,45,405,48,0.0,0.0
58,Fraser,Forster,Fraser Forster,Bournemouth,GKP,2026-09-28 14:56:10.205677+00:00,0,0,4.0,3.5,0,0,0,0,0,0,0,0,0,0,0,0,0,0.0,0.0,0.0,0.0,0.0,0,0.0,0.0,0.0,117015,78750,7821,6929,0.0,0.0,0.0,0.0,0.0,0.0,0.0,0.0,0,0,0,0,0,0.0,,411,26,399,7,343,2,415,26,,,,,,,0.0,0.0,0.0,0.0,0.0,0.0,588,50,387,24,425,26,98,15,0.0,0.0
521,Dejan,Kulusevski,Dejan Kulusevski,Spurs,MID,2026-09-28 14:56:10.205677+00:00,0,0,6.5,0.0,0,0,0,0,0,0,0,0,0,0,0,0,0,0.0,0.0,0.0,0.0,0.0,0,0.0,0.0,0.0,386,727,80,62,0.0,0.0,0.0,0.0,0.0,0.0,0.0,0.0,0,0,0,0,0,0.0,Knee injury - Unknown return date,663,297,664,297,662,297,664,297,,,,,,,0.0,0.0,0.0,0.0,0.0,0.0,38,26,662,296,663,297,613,260,0.0,0.0
103,Josh,Dasilva,Josh Dasilva,Brentford,MID,2026-09-28 14:56:10.205677+00:00,0,0,4.9,0.0,0,0,0,0,0,0,0,0,0,0,0,0,0,0.0,0.0,0.0,0.0,0.0,0,0.0,0.0,0.0,400,1943,9,98,-0.1,0.1,0.0,0.0,0.0,0.0,0.0,0.0,0,0,0,0,0,0.0,Hamstring injury - Expected back 10 Oct,563,232,559,237,525,213,568,233,,,,,,,0.0,0.0,0.0,0.0,0.0,0.0,347,209,551,225,574,239,596,249,0.0,0.0
99,Antoni,Milambo,Antoni Milambo,Brentford,MID,2026-09-28 14:56:10.205677+00:00,0,0,5.0,0.0,0,0,0,0,0,0,0,0,0,0,0,0,0,0.0,0.0,0.0,0.0,0.0,0,0.0,0.0,0.0,115,159,6,7,0.0,0.0,0.0,0.0,0.0,0.0,0.0,0.0,0,0,0,0,0,0.0,Knee injury - Unknown return date,614,264,620,269,597,255,620,266,,,,,,,0.0,0.0,0.0,0.0,0.0,0.0,318,192,608,261,623,269,658,291,0.0,0.0
92,Kim,Ji-soo,Kim Ji-soo,Brentford,DEF,2026-09-28 14:56:10.205677+00:00,0,0,4.4,0.0,0,0,0,0,0,0,0,0,0,0,0,0,0,0.0,0.0,0.0,0.0,0.0,0,0.0,0.0,0.0,492,957,58,85,-0.1,0.1,-0.1,0.1,0.0,0.0,0.0,0.0,0,0,0,0,0,0.0,,479,185,471,184,421,173,484,185,,,,,,,0.0,0.0,0.0,0.0,0.0,0.0,574,152,461,178,493,185,579,198,0.0,0.0
177,Kaine,Kesler-Hayden,Kaine Kesler-Hayden,Coventry City,DEF,2026-09-28 14:56:10.205677+00:00,0,0,3.9,0.0,0,0,0,0,0,0,0,0,0,0,0,0,0,0.0,0.0,0.0,0.0,0.0,0,0.0,0.0,0.0,1583,3723,984,498,-0.1,0.1,-0.1,0.1,0.0,0.0,0.0,0.0,0,0,0,0,0,0.0,Hamstring injury - Unknown return date,408,149,396,145,340,130,412,148,,,,,,,0.0,0.0,0.0,0.0,0.0,0.0,666,216,384,136,422,149,503,178,0.0,0.0
494,Guglielmo,Vicario,Guglielmo Vicario,Spurs,GKP,2026-09-28 14:56:10.205677+00:00,0,0,4.5,0.1,0,0,0,0,0,0,0,0,0,0,0,0,0,0.0,0.0,0.0,0.0,0.0,0,0.0,0.0,0.0,0,22067,0,684,0.0,0.0,0.0,0.0,0.0,0.0,0.0,0.0,0,0,0,0,0,0.0,Has joined Juventus on loan for the rest of the season,489,58,484,43,434,38,494,58,,,,,,,0.0,0.0,0.0,0.0,0.0,0.0,446,30,473,57,503,58,381,42,0.0,0.0
495,Brandon,Austin,Brandon Austin,Spurs,GKP,2026-09-28 14:56:10.205677+00:00,0,0,4.0,1.0,0,0,0,0,0,0,0,0,0,0,0,0,0,0.0,0.0,0.0,0.0,0.0,0,0.0,0.0,0.0,29476,21761,1825,2076,0.0,0.0,0.0,0.0,0.0,0.0,0.0,0.0,0,0,0,0,0,0.0,,426,38,417,19,361,14,431,38,,,,,,,0.0,0.0,0.0,0.0,0.0,0.0,608,62,404,36,440,38,178,28,0.0,0.0
85,Sepp,van den Berg,Sepp Van den Berg,Brentford,DEF,2026-09-28 14:56:10.205677+00:00,0,0,4.9,0.1,0,0,0,0,0,0,0,0,0,0,0,0,0,0.0,0.0,0.0,0.0,0.0,0,0.0,0.0,0.0,409,8921,36,315,-0.1,0.1,0.0,0.0,0.0,0.0,0.0,0.0,0,0,0,0,0,0.0,Groin injury - Unknown return date,569,207,567,206,533,203,575,207,,,,,,,0.0,0.0,0.0,0.0,0.0,0.0,368,66,559,204,580,206,480,171,0.0,0.0
497,Martin,Dubravka,Martin Dubravka,Spurs,GKP,2026-09-28 14:56:10.205677+00:00,0,0,4.0,17.1,0,0,0,0,0,0,0,0,0,0,0,0,0,0.0,0.0,0.0,0.0,0.0,0,0.0,0.0,0.0,395668,438403,25029,45753,0.0,0.0,0.0,0.0,0.0,0.0,0.0,0.0,0,0,0,0,0,0.0,,414,29,402,10,346,5,418,29,,,,,,,0.0,0.0,0.0,0.0,0.0,0.0,591,53,390,27,428,29,24,4,0.0,0.0
83,Hákon Rafn,Valdimarsson,Hákon Rafn Valdimarsson,Brentford,GKP,2026-09-28 14:56:10.205677+00:00,0,0,4.5,0.1,0,0,0,0,0,0,0,0,0,0,0,0,0,0.0,0.0,0.0,0.0,0.0,0,0.0,0.0,0.0,2845,4568,280,318,0.0,0.0,0.0,0.0,0.0,0.0,0.0,0.0,0,0,0,0,0,0.0,,510,64,507,51,464,49,515,64,,,,,,,0.0,0.0,0.0,0.0,0.0,0.0,491,41,496,63,524,64,419,49,0.0,0.0
615,Michele,Di Gregorio,Michele Di Gregorio,Bournemouth,GKP,2026-09-28 14:56:10.205677+00:00,0,0,4.5,0.0,0,0,0,0,0,0,0,0,0,0,0,0,0,0.0,0.0,0.0,0.0,0.0,0,0.0,0.0,0.0,2923,1733,180,184,0.0,0.0,0.0,0.0,0.0,0.0,0.0,0.0,0,0,0,0,0,0.0,,495,61,490,46,441,41,500,61,,,,,,,0.0,0.0,0.0,0.0,0.0,0.0,458,33,480,60,509,61,519,61,0.0,0.0
500,Cristian,Romero,Cristian Romero,Spurs,DEF,2026-09-28 14:56:10.205677+00:00,0,0,5.0,0.1,0,0,0,0,0,0,0,0,0,0,0,0,0,0.0,0.0,0.0,0.0,0.0,0,0.0,0.0,0.0,0,16786,0,272,0.0,0.0,0.0,0.0,0.0,0.0,0.0,0.0,0,0,0,0,0,0.0,Has joined Atletico Madrid permanently,592,210,594,209,570,206,598,210,,,,,,,0.0,0.0,0.0,0.0,0.0,0.0,266,41,584,208,601,209,437,160,0.0,0.0
573,Juanlu,Sánchez,Juanlu Sanchez,Bournemouth,DEF,2026-09-28 14:56:10.205677+00:00,0,0,4.4,0.2,0,0,0,0,0,0,0,0,0,0,0,0,0,0.0,0.0,0.0,0.0,0.0,0,0.0,0.0,0.0,1562,7070,142,413,-0.1,0.1,0.0,0.0,0.0,0.0,0.0,0.0,0,0,0,0,0,0.0,,474,184,466,183,416,172,479,184,,,,,,,0.0,0.0,0.0,0.0,0.0,0.0,569,151,456,177,488,184,358,135,0.0,0.0
80,Enes,Ünal,Enes Enes Ünal,Bournemouth,FWD,2026-09-28 14:56:10.205677+00:00,0,0,5.5,0.0,0,0,0,0,0,0,0,0,0,0,0,0,0,0.0,0.0,0.0,0.0,0.0,0,0.0,0.0,0.0,0,1980,0,48,0.0,0.0,0.0,0.0,0.0,0.0,0.0,0.0,0,0,0,0,0,0.0,Has joined Getafe permanently,637,72,642,76,629,73,642,76,,,,,,,0.0,0.0,0.0,0.0,0.0,0.0,127,33,635,73,642,76,590,76,0.0,0.0
505,Djed,Spence,Djed Spence,Spurs,DEF,2026-09-28 14:56:10.205677+00:00,0,0,4.5,0.2,0,0,0,0,0,0,0,0,0,0,0,0,0,0.0,0.0,0.0,0.0,0.0,0,0.0,0.0,0.0,0,69213,0,1127,0.0,0.0,0.0,0.0,0.0,0.0,0.0,0.0,0,0,0,0,0,0.0,Has joined Internazionale permanently,496,189,491,188,442,178,501,189,,,,,,,0.0,0.0,0.0,0.0,0.0,0.0,460,103,481,184,510,189,318,118,0.0,0.0
78,Junior,Kroupi,Junior Kroupi.Jr,Bournemouth,MID,2026-09-28 14:56:10.205677+00:00,0,0,7.4,0.2,0,0,0,0,0,0,0,0,0,0,0,0,0,0.0,0.0,0.0,0.0,0.0,0,0.0,0.0,0.0,1221,27328,175,810,-0.1,0.1,0.0,0.0,0.0,0.0,0.0,0.0,0,0,0,0,0,0.0,Foot injury - Expected back 7 Nov,666,298,666,298,666,298,666,298,,,,,1.0,,0.0,0.0,0.0,0.0,0.0,0.0,21,13,664,297,665,298,347,125,0.0,0.0
507,Ashley,Phillips,Ashley Phillips,Spurs,DEF,2026-09-28 14:56:10.205677+00:00,0,0,4.5,0.0,0,0,0,0,0,0,0,0,0,0,0,0,0,0.0,0.0,0.0,0.0,0.0,0,0.0,0.0,0.0,0,1269,0,54,0.0,0.0,0.0,0.0,0.0,0.0,0.0,0.0,0,0,0,0,0,0.0,Has joined Middlesbrough permanently,517,197,514,196,471,189,522,197,,,,,,,0.0,0.0,0.0,0.0,0.0,0.0,499,123,503,193,531,197,599,202,0.0,0.0
508,Ben,Davies,Ben Davies,Spurs,DEF,2026-09-28 14:56:10.205677+00:00,0,0,3.9,0.9,0,0,0,0,0,0,0,0,0,0,0,0,0,0.0,0.0,0.0,0.0,0.0,0,0.0,0.0,0.0,18874,41096,7078,3653,-0.1,0.1,-0.1,0.1,0.0,0.0,0.0,0.0,0,0,0,0,0,0.0,,406,147,394,143,337,127,410,146,,,,,,,0.0,0.0,0.0,0.0,0.0,0.0,662,212,381,133,420,147,192,72,0.0,0.0
509,Jun'ai,Byfield,Jun'ai Byfield,Spurs,DEF,2026-09-28 14:56:10.205677+00:00,0,0,4.0,0.1,0,0,0,0,0,0,0,0,0,0,0,0,0,0.0,0.0,0.0,0.0,0.0,0,0.0,0.0,0.0,2333,2578,118,234,0.0,0.0,0.0,0.0,0.0,0.0,0.0,0.0,0,0,0,0,0,0.0,,462,178,453,177,398,163,467,178,,,,,,,0.0,0.0,0.0,0.0,0.0,0.0,658,208,442,169,476,178,481,172,0.0,0.0
510,James,Rowswell,James Rowswell,Spurs,DEF,2026-09-28 14:56:10.205677+00:00,0,0,4.0,0.1,0,0,0,0,0,0,0,0,0,0,0,0,0,0.0,0.0,0.0,0.0,0.0,0,0.0,0.0,0.0,2876,3456,147,328,0.0,0.0,0.0,0.0,0.0,0.0,0.0,0.0,0,0,0,0,0,0.0,,443,161,434,160,378,145,448,161,,,,,,,0.0,0.0,0.0,0.0,0.0,0.0,634,186,422,151,457,161,435,159,0.0,0.0
511,João Victor,de Souza Menezes,João Victor Souza,Spurs,DEF,2026-09-28 14:56:10.205677+00:00,0,0,4.0,0.2,0,0,0,0,0,0,0,0,0,0,0,0,0,0.0,0.0,0.0,0.0,0.0,0,0.0,0.0,0.0,2555,16835,0,849,0.0,0.0,0.0,0.0,0.0,0.0,0.0,0.0,0,0,0,0,0,0.0,Has joined FC Porto on loan for the rest of the season,461,177,452,176,397,162,466,177,,,,,,,0.0,0.0,0.0,0.0,0.0,0.0,657,207,441,168,475,177,361,138,0.0,0.0
77,Amine,Adli,Amine Adli,Bournemouth,MID,2026-09-28 14:56:10.205677+00:00,0,0,4.9,0.0,0,0,0,0,0,0,0,0,0,0,0,0,0,0.0,0.0,0.0,0.0,0.0,0,0.0,0.0,0.0,291,2213,22,72,-0.1,0.1,0.0,0.0,0.0,0.0,0.0,0.0,0,0,0,0,0,0.0,Calf injury - Unknown return date,574,239,573,245,539,221,580,241,,,,,,,0.0,0.0,0.0,0.0,0.0,0.0,379,226,565,233,585,246,597,250,0.0,0.0
513,Xavi,Simons,Xavi Xavi,Spurs,MID,2026-09-28 14:56:10.205677+00:00,0,0,5.9,0.0,0,0,0,0,0,0,0,0,0,0,0,0,0,0.0,0.0,0.0,0.0,0.0,0,0.0,0.0,0.0,342,1120,50,79,-0.1,0.1,0.0,0.0,0.0,0.0,0.0,0.0,0,0,0,0,0,0.0,Knee injury - Unknown return date,655,291,659,292,653,290,659,292,,,2.0,,4.0,,0.0,0.0,0.0,0.0,0.0,0.0,91,58,655,290,658,292,598,251,0.0,0.0
66,Julio,Soler Barreto,Julio Soler,Bournemouth,DEF,2026-09-28 14:56:10.205677+00:00,0,0,4.0,0.3,0,0,0,0,0,0,0,0,0,0,0,0,0,0.0,0.0,0.0,0.0,0.0,0,0.0,0.0,0.0,13796,10966,705,1081,0.0,0.0,0.0,0.0,0.0,0.0,0.0,0.0,0,0,0,0,0,0.0,,453,170,444,169,389,155,458,170,,,,,,,0.0,0.0,0.0,0.0,0.0,0.0,648,199,433,161,467,170,307,114,0.0,0.0
65,Julián,Araujo Zúñiga,Julián J.Araujo,Bournemouth,DEF,2026-09-28 14:56:10.205677+00:00,0,0,4.4,0.0,0,0,0,0,0,0,0,0,0,0,0,0,0,0.0,0.0,0.0,0.0,0.0,0,0.0,0.0,0.0,418,1290,34,51,-0.1,0.1,0.0,0.0,0.0,0.0,0.0,0.0,0,0,0,0,0,0.0,Thigh injury - Unknown return date,471,183,463,182,413,171,476,183,,,,,,,0.0,0.0,0.0,0.0,0.0,0.0,561,146,452,175,485,183,603,204,0.0,0.0
63,Veljko,Milosavljevic,Veljko Milosavljević,Bournemouth,DEF,2026-09-28 14:56:10.205677+00:00,0,0,4.9,0.0,0,0,0,0,0,0,0,0,0,0,0,0,0,0.0,0.0,0.0,0.0,0.0,0,0.0,0.0,0.0,333,840,27,43,-0.1,0.1,0.0,0.0,0.0,0.0,0.0,0.0,0,0,0,0,0,0.0,Thigh injury - Unknown return date,583,208,582,207,554,204,589,208,,,,,,,0.0,0.0,0.0,0.0,0.0,0.0,401,71,575,206,592,207,618,209,0.0,0.0
517,Wilson,Odobert,Wilson Odobert,Spurs,MID,2026-09-28 14:56:10.205677+00:00,0,0,5.5,0.0,0,0,0,0,0,0,0,0,0,0,0,0,0,0.0,0.0,0.0,0.0,0.0,0,0.0,0.0,0.0,123,107,21,12,0.0,0.0,0.0,0.0,0.0,0.0,0.0,0.0,0,0,0,0,0,0.0,Knee injury - Unknown return date,645,284,651,286,640,281,650,285,,,,,,,0.0,0.0,0.0,0.0,0.0,0.0,161,101,643,283,650,286,660,293,0.0,0.0
518,Pape Matar,Sarr,Pape Matar P.M.Sarr,Spurs,MID,2026-09-28 14:56:10.205677+00:00,0,0,4.9,0.1,0,0,0,0,0,0,0,0,0,0,0,0,0,0.0,0.0,0.0,0.0,0.0,0,0.0,0.0,0.0,4138,23710,0,643,-0.1,0.1,0.0,0.0,0.0,0.0,0.0,0.0,0,0,0,0,0,0.0,Has joined Juventus on loan for the rest of the season,573,238,572,244,538,220,579,240,,,,,,,0.0,0.0,0.0,0.0,0.0,0.0,377,225,564,232,584,245,452,175,0.0,0.0
62,Bafodé,Diakité,Bafodé Diakité,Bournemouth,DEF,2026-09-28 14:56:10.205677+00:00,0,0,4.9,0.2,0,0,0,0,0,0,0,0,0,0,0,0,0,0.0,0.0,0.0,0.0,0.0,0,0.0,0.0,0.0,7109,11992,451,927,-0.1,0.1,-0.1,0.1,0.0,0.0,0.0,0.0,0,0,0,0,0,0.0,,567,206,564,205,530,202,572,206,,,,,,,0.0,0.0,0.0,0.0,0.0,0.0,362,64,556,203,578,205,364,139,0.0,0.0
59,Will,Dennis,Will Dennis,Bournemouth,GKP,2026-09-28 14:56:10.205677+00:00,0,0,4.0,0.1,0,0,0,0,0,0,0,0,0,0,0,0,0,0.0,0.0,0.0,0.0,0.0,0,0.0,0.0,0.0,1133,7492,0,524,0.0,0.0,0.0,0.0,0.0,0.0,0.0,0.0,0,0,0,0,0,0.0,Has joined MK Dons permanently,433,42,424,23,368,18,438,42,,,,,,,0.0,0.0,0.0,0.0,0.0,0.0,619,66,412,40,447,42,392,43,0.0,0.0
174,Liam,Kitching,Liam Kitching,Coventry City,DEF,2026-09-28 14:56:10.205677+00:00,0,0,4.0,0.3,0,0,0,0,0,0,0,0,0,0,0,0,0,0.0,0.0,0.0,0.0,0.0,0,0.0,0.0,0.0,981,32810,0,1717,0.0,0.0,0.0,0.0,0.0,0.0,0.0,0.0,0,0,0,0,0,0.0,Has joined Sheffield United on loan for the rest of the season,432,156,423,155,367,140,437,156,,,,,,,0.0,0.0,0.0,0.0,0.0,0.0,618,176,411,146,446,156,280,102,0.0,0.0
438,Tyler,Fletcher,Tyler Fletcher,Man Utd,MID,2026-09-28 14:56:10.205677+00:00,0,0,4.4,0.3,0,0,0,0,0,0,0,0,0,0,0,0,0,0.0,0.0,0.0,0.0,0.0,0,0.0,0.0,0.0,10555,16792,2486,2023,-0.1,0.1,0.0,0.0,0.0,0.0,0.0,0.0,0,0,0,0,0,0.0,,476,197,468,203,418,175,481,198,,,,,,,0.0,0.0,0.0,0.0,0.0,0.0,571,295,458,189,490,205,282,95,0.0,0.0
178,Jake,Bidwell,Jake Bidwell,Coventry City,DEF,2026-09-28 14:56:10.205677+00:00,0,0,4.0,0.1,0,0,0,0,0,0,0,0,0,0,0,0,0,0.0,0.0,0.0,0.0,0.0,0,0.0,0.0,0.0,2483,3512,176,281,0.0,0.0,0.0,0.0,0.0,0.0,0.0,0.0,0,0,0,0,0,0.0,,416,151,404,147,348,132,420,150,,,,,,,0.0,0.0,0.0,0.0,0.0,0.0,593,162,392,138,430,151,446,161,0.0,0.0
444,Ewen,Jaouen,Ewen Jaouen,Newcastle,GKP,2026-09-28 14:56:10.205677+00:00,0,0,4.4,0.0,0,0,0,0,0,0,0,0,0,0,0,0,0,0.0,0.0,0.0,0.0,0.0,0,0.0,0.0,0.0,452,1518,19,113,-0.1,0.1,-0.1,0.1,0.0,0.0,0.0,0.0,0,0,0,0,0,0.0,Ankle injury - 50% chance of playing,478,53,470,35,420,30,483,53,,,,,,,0.0,0.0,0.0,0.0,0.0,0.0,573,48,460,51,492,53,570,67,0.0,0.0
353,Armin,Pecsi,Armin Pecsi,Liverpool,GKP,2026-09-28 14:56:10.205677+00:00,0,0,4.0,0.0,0,0,0,0,0,0,0,0,0,0,0,0,0,0.0,0.0,0.0,0.0,0.0,0,0.0,0.0,0.0,0,1084,0,57,0.0,0.0,0.0,0.0,0.0,0.0,0.0,0.0,0,0,0,0,0,0.0,Has joined TSV Hartberg on loan for the rest of the season,458,49,449,30,394,25,463,49,,,,,,,0.0,0.0,0.0,0.0,0.0,0.0,653,73,438,47,472,49,578,69,0.0,0.0
354,Vitezslav,Jaros,Vitezslav Jaros,Liverpool,GKP,2026-09-28 14:56:10.205677+00:00,0,0,4.0,0.0,0,0,0,0,0,0,0,0,0,0,0,0,0,0.0,0.0,0.0,0.0,0.0,0,0.0,0.0,0.0,1744,1237,197,151,0.0,0.0,0.0,0.0,0.0,0.0,0.0,0.0,0,0,0,0,0,0.0,Knee injury - Unknown return date,431,41,422,22,366,17,436,41,,,,,,,0.0,0.0,0.0,0.0,0.0,0.0,616,65,409,39,445,41,572,68,0.0,0.0
355,Harvey,Davies,Harvey Davies,Liverpool,GKP,2026-09-28 14:56:10.205677+00:00,0,0,4.0,0.2,0,0,0,0,0,0,0,0,0,0,0,0,0,0.0,0.0,0.0,0.0,0.0,0,0.0,0.0,0.0,4725,4230,273,450,0.0,0.0,0.0,0.0,0.0,0.0,0.0,0.0,0,0,0,0,0,0.0,,436,44,427,25,371,20,441,44,,,,,,,0.0,0.0,0.0,0.0,0.0,0.0,626,68,415,42,450,44,363,40,0.0,0.0
293,Abu,Kamara,Abu Kamara,Hull City,MID,2026-09-28 14:56:10.205677+00:00,0,0,5.0,0.0,0,0,0,0,0,0,0,0,0,0,0,0,0,0.0,0.0,0.0,0.0,0.0,0,0.0,0.0,0.0,0,374,0,12,0.0,0.0,0.0,0.0,0.0,0.0,0.0,0.0,0,0,0,0,0,0.0,Has joined Portsmouth permanently,603,257,609,262,586,248,609,259,,,,,,,0.0,0.0,0.0,0.0,0.0,0.0,298,179,597,254,612,262,659,292,0.0,0.0
292,Abdülkadir,Ömür,Abdülkadir Ömür,Hull City,MID,2026-09-28 14:56:10.205677+00:00,0,0,4.9,0.0,0,0,0,0,0,0,0,0,0,0,0,0,0,0.0,0.0,0.0,0.0,0.0,0,0.0,0.0,0.0,1202,1626,84,145,-0.1,0.1,0.0,0.0,0.0,0.0,0.0,0.0,0,0,0,0,0,0.0,,564,233,560,238,526,214,569,234,,,,,,,0.0,0.0,0.0,0.0,0.0,0.0,350,212,552,226,575,240,580,238,0.0,0.0
291,Eliot,Matazo,Eliot Matazo,Hull City,MID,2026-09-28 14:56:10.205677+00:00,0,0,4.5,0.0,0,0,0,0,0,0,0,0,0,0,0,0,0,0.0,0.0,0.0,0.0,0.0,0,0.0,0.0,0.0,380,489,29,51,0.0,0.0,0.0,0.0,0.0,0.0,0.0,0.0,0,0,0,0,0,0.0,Knee injury - Unknown return date,503,203,500,209,454,181,508,204,,,,,,,0.0,0.0,0.0,0.0,0.0,0.0,479,261,489,195,517,211,632,270,0.0,0.0
359,Joe,Gomez,Joe Gomez,Liverpool,DEF,2026-09-28 14:56:10.205677+00:00,0,0,4.9,0.0,0,0,0,0,0,0,0,0,0,0,0,0,0,0.0,0.0,0.0,0.0,0.0,0,0.0,0.0,0.0,722,1172,302,108,-0.1,0.1,0.0,0.0,0.0,0.0,0.0,0.0,0,0,0,0,0,0.0,,561,205,558,204,523,201,566,205,,,,,,,0.0,0.0,0.0,0.0,0.0,0.0,345,59,550,202,573,204,567,191,0.0,0.0
360,Conor,Bradley,Conor Bradley,Liverpool,DEF,2026-09-28 14:56:10.205677+00:00,0,0,5.0,0.0,0,0,0,0,0,0,0,0,0,0,0,0,0,0.0,0.0,0.0,0.0,0.0,0,0.0,0.0,0.0,366,787,49,75,0.0,0.0,0.0,0.0,0.0,0.0,0.0,0.0,0,0,0,0,0,0.0,Knee injury - Unknown return date,605,212,611,212,588,209,611,212,,,,,,,0.0,0.0,0.0,0.0,0.0,0.0,302,52,599,210,614,211,610,205,0.0,0.0
361,Wellity,Lucky,Wellity Lucky,Liverpool,DEF,2026-09-28 14:56:10.205677+00:00,0,0,4.0,0.1,0,0,0,0,0,0,0,0,0,0,0,0,0,0.0,0.0,0.0,0.0,0.0,0,0.0,0.0,0.0,3850,5767,273,542,0.0,0.0,0.0,0.0,0.0,0.0,0.0,0.0,0,0,0,0,0,0.0,,445,162,436,161,380,146,450,162,,,,,,,0.0,0.0,0.0,0.0,0.0,0.0,636,187,424,152,459,162,390,147,0.0,0.0
288,Kieran,Dowell,Kieran Dowell,Hull City,MID,2026-09-28 14:56:10.205677+00:00,0,0,4.5,0.3,0,0,0,0,0,0,0,0,0,0,0,0,0,0.0,0.0,0.0,0.0,0.0,0,0.0,0.0,0.0,12317,21500,560,1917,0.0,0.0,0.0,0.0,0.0,0.0,0.0,0.0,0,0,0,0,0,0.0,,488,201,483,207,433,179,493,202,,,,,,,0.0,0.0,0.0,0.0,0.0,0.0,443,258,472,193,502,209,291,99,0.0,0.0
363,Giovanni,Leoni,Giovanni Leoni,Liverpool,DEF,2026-09-28 14:56:10.205677+00:00,0,0,4.0,0.0,0,0,0,0,0,0,0,0,0,0,0,0,0,0.0,0.0,0.0,0.0,0.0,0,0.0,0.0,0.0,863,2100,62,169,0.0,0.0,0.0,0.0,0.0,0.0,0.0,0.0,0,0,0,0,0,0.0,Knee injury - Unknown return date,464,180,455,179,400,165,469,180,,,,,,,0.0,0.0,0.0,0.0,0.0,0.0,660,210,444,171,478,180,536,186,0.0,0.0
2,Kepa,Arrizabalaga Revuelta,Kepa Arrizabalaga,Arsenal,GKP,2026-09-28 14:56:10.205677+00:00,0,0,4.9,0.1,0,0,0,0,0,0,0,0,0,0,0,0,0,0.0,0.0,0.0,0.0,0.0,0,0.0,0.0,0.0,1479,4255,102,242,-0.1,0.1,0.0,0.0,0.0,0.0,0.0,0.0,0,0,0,0,0,0.0,,558,68,555,56,519,54,563,68,,,,,,,0.0,0.0,0.0,0.0,0.0,0.0,340,16,547,67,570,68,463,52,0.0,0.0
365,Calvin,Ramsay,Calvin Ramsay,Liverpool,DEF,2026-09-28 14:56:10.205677+00:00,0,0,4.0,0.1,0,0,0,0,0,0,0,0,0,0,0,0,0,0.0,0.0,0.0,0.0,0.0,0,0.0,0.0,0.0,638,12680,0,451,0.0,0.0,0.0,0.0,0.0,0.0,0.0,0.0,0,0,0,0,0,0.0,Has joined St Mirren on loan for the rest of the season,440,159,431,158,375,143,445,159,,,,,,,0.0,0.0,0.0,0.0,0.0,0.0,630,183,419,149,454,159,434,158,0.0,0.0
284,Cathal,McCarthy,Cathal McCarthy,Hull City,DEF,2026-09-28 14:56:10.205677+00:00,0,0,4.0,0.1,0,0,0,0,0,0,0,0,0,0,0,0,0,0.0,0.0,0.0,0.0,0.0,0,0.0,0.0,0.0,4912,4566,378,414,0.0,0.0,0.0,0.0,0.0,0.0,0.0,0.0,0,0,0,0,0,0.0,,465,181,456,180,401,166,470,181,,,,,,,0.0,0.0,0.0,0.0,0.0,0.0,661,211,445,172,479,181,424,154,0.0,0.0
283,Matty,Jacob,Matty Jacob,Hull City,DEF,2026-09-28 14:56:10.205677+00:00,0,0,4.0,0.0,0,0,0,0,0,0,0,0,0,0,0,0,0,0.0,0.0,0.0,0.0,0.0,0,0.0,0.0,0.0,114,691,0,34,0.0,0.0,0.0,0.0,0.0,0.0,0.0,0.0,0,0,0,0,0,0.0,Has joined Newport County on loan until January,435,157,426,156,370,141,440,157,,,,,,,0.0,0.0,0.0,0.0,0.0,0.0,621,177,414,147,449,157,623,210,0.0,0.0
278,Charlie,Hughes,Charlie Hughes,Hull City,DEF,2026-09-28 14:56:10.205677+00:00,0,0,3.9,0.2,0,0,0,0,0,0,0,0,0,0,0,0,0,0.0,0.0,0.0,0.0,0.0,0,0.0,0.0,0.0,16847,12813,1058,1846,-0.1,0.1,0.0,0.0,0.0,0.0,0.0,0.0,0,0,0,0,0,0.0,Groin injury - Unknown return date,409,150,397,146,341,131,413,149,,,,,,,0.0,0.0,0.0,0.0,0.0,0.0,667,217,385,137,423,150,351,132,0.0,0.0
276,Thimothée,Lo-Tutala,Thimothée Lo-Tutala,Hull City,GKP,2026-09-28 14:56:10.205677+00:00,0,0,4.0,0.0,0,0,0,0,0,0,0,0,0,0,0,0,0,0.0,0.0,0.0,0.0,0.0,0,0.0,0.0,0.0,0,1104,0,110,0.0,0.0,0.0,0.0,0.0,0.0,0.0,0.0,0,0,0,0,0,0.0,Has joined Colchester United on loan for the rest of the season,434,43,425,24,369,19,439,43,,,,,,,0.0,0.0,0.0,0.0,0.0,0.0,620,67,413,41,448,43,564,65,0.0,0.0
370,Federico,Chiesa,Federico Chiesa,Liverpool,MID,2026-09-28 14:56:10.205677+00:00,0,0,5.3,0.0,0,0,0,0,0,0,0,0,0,0,0,0,0,0.0,0.0,0.0,0.0,0.0,0,0.0,0.0,0.0,680,10068,15,235,-0.2,0.2,-0.1,0.1,0.0,0.0,0.0,0.0,0,0,0,0,0,0.0,Back injury - Unknown return date,622,269,628,274,607,261,628,271,,,,,,,0.0,0.0,0.0,0.0,0.0,0.0,217,135,616,266,631,274,502,198,0.0,0.0
275,Harvey,Cartwright,Harvey Cartwright,Hull City,GKP,2026-09-28 14:56:10.205677+00:00,0,0,4.0,0.0,0,0,0,0,0,0,0,0,0,0,0,0,0,0.0,0.0,0.0,0.0,0.0,0,0.0,0.0,0.0,0,326,0,24,0.0,0.0,0.0,0.0,0.0,0.0,0.0,0.0,0,0,0,0,0,0.0,Has joined Grimsby Town on loan for the rest of the season,441,47,432,28,376,23,446,47,,,,,,,0.0,0.0,0.0,0.0,0.0,0.0,631,71,420,45,455,47,627,73,0.0,0.0
274,Jack,Butland,Jack Butland,Hull City,GKP,2026-09-28 14:56:10.205677+00:00,0,0,4.4,0.1,0,0,0,0,0,0,0,0,0,0,0,0,0,0.0,0.0,0.0,0.0,0.0,0,0.0,0.0,0.0,633,4923,64,310,-0.1,0.1,-0.1,0.1,0.0,0.0,0.0,0.0,0,0,0,0,0,0.0,Arm injury - Unknown return date,466,50,457,31,404,26,471,50,,,,,,,0.0,0.0,0.0,0.0,0.0,0.0,544,44,447,48,480,50,468,54,0.0,0.0
373,Curtis,Jones,Curtis C.Jones,Liverpool,MID,2026-09-28 14:56:10.205677+00:00,0,0,5.5,0.0,0,0,0,0,0,0,0,0,0,0,0,0,0,0.0,0.0,0.0,0.0,0.0,0,0.0,0.0,0.0,34,2643,0,56,0.0,0.0,0.0,0.0,0.0,0.0,0.0,0.0,0,0,0,0,0,0.0,Has joined Internazionale permanently,640,279,646,281,633,274,645,280,,,,,,,0.0,0.0,0.0,0.0,0.0,0.0,137,82,638,278,645,281,565,235,0.0,0.0
374,Endo,Wataru,Endo Endo,Liverpool,MID,2026-09-28 14:56:10.205677+00:00,0,0,4.9,0.1,0,0,0,0,0,0,0,0,0,0,0,0,0,0.0,0.0,0.0,0.0,0.0,0,0.0,0.0,0.0,2316,4790,153,424,-0.1,0.1,0.0,0.0,0.0,0.0,0.0,0.0,0,0,0,0,0,0.0,,560,230,557,236,522,211,565,231,,,,,,,0.0,0.0,0.0,0.0,0.0,0.0,343,206,549,224,572,238,478,186,0.0,0.0
273,Dillon,Phillips,Dillon Phillips,Hull City,GKP,2026-09-28 14:56:10.205677+00:00,0,0,4.0,1.4,0,0,0,0,0,0,0,0,0,0,0,0,0,0.0,0.0,0.0,0.0,0.0,0,0.0,0.0,0.0,28961,38157,2836,3274,0.0,0.0,0.0,0.0,0.0,0.0,0.0,0.0,0,0,0,0,0,0.0,,423,36,412,17,356,12,427,36,,,,,,,0.0,0.0,0.0,0.0,0.0,0.0,601,60,400,34,437,36,155,23,0.0,0.0
376,Stefan,Bajčetić Maquieira,Stefan Bajcetic,Liverpool,MID,2026-09-28 14:56:10.205677+00:00,0,0,5.0,0.0,0,0,0,0,0,0,0,0,0,0,0,0,0,0.0,0.0,0.0,0.0,0.0,0,0.0,0.0,0.0,19,106,0,2,0.0,0.0,0.0,0.0,0.0,0.0,0.0,0.0,0,0,0,0,0,0.0,Has joined Celta Vigo permanently,612,262,618,267,595,253,618,264,,,,,,,0.0,0.0,0.0,0.0,0.0,0.0,315,189,606,259,621,267,663,295,0.0,0.0
636,Manuel Ángel,Morán Ibáñez,Manuel Ángel Ángel,Fulham,MID,2026-09-28 14:56:10.205677+00:00,0,0,5.0,0.0,0,0,0,0,0,0,0,0,0,0,0,0,0,0.0,0.0,0.0,0.0,0.0,0,0.0,0.0,0.0,368,168,31,26,0.0,0.0,0.0,0.0,0.0,0.0,0.0,0.0,0,0,0,0,0,0.0,,609,260,615,265,592,251,615,262,,,,,,,0.0,0.0,0.0,0.0,0.0,0.0,307,184,603,257,618,265,644,279,0.0,0.0
378,James,McConnell,James McConnell,Liverpool,MID,2026-09-28 14:56:10.205677+00:00,0,0,4.4,0.2,0,0,0,0,0,0,0,0,0,0,0,0,0,0.0,0.0,0.0,0.0,0.0,0,0.0,0.0,0.0,6902,12889,1027,1432,-0.1,0.1,0.0,0.0,0.0,0.0,0.0,0.0,0,0,0,0,0,0.0,,473,195,465,201,415,173,478,196,,,,,,,0.0,0.0,0.0,0.0,0.0,0.0,568,293,455,187,487,203,312,109,0.0,0.0
626,Macaulay,Zepa,Macaulay Zepa,Fulham,MID,2026-09-28 14:56:10.205677+00:00,0,0,4.4,0.3,0,0,0,0,0,0,0,0,0,0,0,0,0,0.0,0.0,0.0,0.0,0.0,0,0.0,0.0,0.0,34500,18348,333,2134,-0.1,0.1,-0.1,0.1,0.0,0.0,0.0,0.0,0,0,0,0,0,0.0,,481,199,473,205,423,177,486,200,,,,,,,0.0,0.0,0.0,0.0,0.0,0.0,577,297,464,191,495,207,295,102,0.0,0.0
380,Hugo,Ekitiké,Hugo Ekitiké,Liverpool,FWD,2026-09-28 14:56:10.205677+00:00,0,0,7.4,0.1,0,0,0,0,0,0,0,0,0,0,0,0,0,0.0,0.0,0.0,0.0,0.0,0,0.0,0.0,0.0,2618,11247,346,784,-0.1,0.1,0.0,0.0,0.0,0.0,0.0,0.0,0,0,0,0,0,0.0,Achilles injury - Unknown return date,665,78,665,78,665,78,665,78,,,,,,,0.0,0.0,0.0,0.0,0.0,0.0,20,7,663,78,664,78,406,61,0.0,0.0
610,Luc,De Fougerolles,Luc De Fougerolles,Fulham,DEF,2026-09-28 14:56:10.205677+00:00,0,0,4.0,0.1,0,0,0,0,0,0,0,0,0,0,0,0,0,0.0,0.0,0.0,0.0,0.0,0,0.0,0.0,0.0,5787,5228,0,482,0.0,0.0,0.0,0.0,0.0,0.0,0.0,0.0,0,0,0,0,0,0.0,has joined  Real Salt Lake on loan for the rest of the seaon.,449,166,440,165,384,150,454,166,,,,,,,0.0,0.0,0.0,0.0,0.0,0.0,641,192,428,156,463,166,467,166,0.0,0.0
352,Freddie,Woodman,Freddie Woodman,Liverpool,GKP,2026-09-28 14:56:10.205677+00:00,0,0,4.0,1.0,0,0,0,0,0,0,0,0,0,0,0,0,0,0.0,0.0,0.0,0.0,0.0,0,0.0,0.0,0.0,18244,27120,750,2262,0.0,0.0,0.0,0.0,0.0,0.0,0.0,0.0,0,0,0,0,0,0.0,,422,35,410,16,354,11,426,35,,,,,,,0.0,0.0,0.0,0.0,0.0,0.0,599,59,398,33,436,35,176,26,0.0,0.0
351,Giorgi,Mamardashvili,Giorgi Mamardashvili,Liverpool,GKP,2026-09-28 14:56:10.205677+00:00,0,0,4.9,0.1,0,0,0,0,0,0,0,0,0,0,0,0,0,0.0,0.0,0.0,0.0,0.0,0,0.0,0.0,0.0,2851,8603,239,585,-0.1,0.1,0.0,0.0,0.0,0.0,0.0,0.0,0,0,0,0,0,0.0,,570,70,568,59,534,57,576,70,,,,,,,0.0,0.0,0.0,0.0,0.0,0.0,369,19,560,70,581,70,377,41,0.0,0.0
294,Óscar,Zambrano,Óscar Zambrano,Hull City,MID,2026-09-28 14:56:10.205677+00:00,0,0,4.5,0.1,0,0,0,0,0,0,0,0,0,0,0,0,0,0.0,0.0,0.0,0.0,0.0,0,0.0,0.0,0.0,3869,6807,140,478,0.0,0.0,0.0,0.0,0.0,0.0,0.0,0.0,0,0,0,0,0,0.0,,520,207,517,213,474,185,525,208,,,,,,,0.0,0.0,0.0,0.0,0.0,0.0,503,265,506,199,534,215,430,162,0.0,0.0
301,Alex,Palmer,Alex Palmer,Ipswich Town,GKP,2026-09-28 14:56:10.205677+00:00,0,0,4.0,3.9,0,0,0,0,0,0,0,0,0,0,0,0,0,0.0,0.0,0.0,0.0,0.0,0,0.0,0.0,0.0,74378,112588,3782,11349,0.0,0.0,0.0,0.0,0.0,0.0,0.0,0.0,0,0,0,0,0,0.0,,420,33,408,14,352,9,424,33,,,,,,,0.0,0.0,0.0,0.0,0.0,0.0,597,57,396,31,434,33,88,14,0.0,0.0
322,Ali,Al-Hamadi,Ali Al-Hamadi,Ipswich Town,FWD,2026-09-28 14:56:10.205677+00:00,0,0,5.0,0.0,0,0,0,0,0,0,0,0,0,0,0,0,0,0.0,0.0,0.0,0.0,0.0,0,0.0,0.0,0.0,755,9902,0,357,0.0,0.0,0.0,0.0,0.0,0.0,0.0,0.0,0,0,0,0,0,0.0,Has joined Sheffield Wednesday on loan for the rest of the season,597,62,602,66,579,61,603,66,,,,,,,0.0,0.0,0.0,0.0,0.0,0.0,284,55,591,61,606,67,497,71,0.0,0.0
602,Cameron,Humphreys,Cameron Humphreys,Ipswich Town,MID,2026-09-28 14:56:10.205677+00:00,0,0,4.5,0.0,0,0,0,0,0,0,0,0,0,0,0,0,0,0.0,0.0,0.0,0.0,0.0,0,0.0,0.0,0.0,2861,3226,0,232,0.0,0.0,0.0,0.0,0.0,0.0,0.0,0.0,0,0,0,0,0,0.0,Has joined Huddersfield Town on loan for the rest of the season,514,206,511,212,468,184,519,207,,,,,,,0.0,0.0,0.0,0.0,0.0,0.0,496,264,500,198,528,214,566,236,0.0,0.0
319,Sam,Szmodics,Sam Szmodics,Ipswich Town,MID,2026-09-28 14:56:10.205677+00:00,0,0,5.0,0.0,0,0,0,0,0,0,0,0,0,0,0,0,0,0.0,0.0,0.0,0.0,0.0,0,0.0,0.0,0.0,0,759,0,12,0.0,0.0,0.0,0.0,0.0,0.0,0.0,0.0,0,0,0,0,0,0.0,Has joined Derby County on loan for the rest of the season,588,250,588,255,564,240,594,252,,,,,,,0.0,0.0,0.0,0.0,0.0,0.0,251,157,580,245,597,255,651,286,0.0,0.0
317,George,Hirst,George Hirst,Ipswich Town,FWD,2026-09-28 14:56:10.205677+00:00,0,0,5.0,0.1,0,0,0,0,0,0,0,0,0,0,0,0,0,0.0,0.0,0.0,0.0,0.0,0,0.0,0.0,0.0,0,17083,0,453,0.0,0.0,0.0,0.0,0.0,0.0,0.0,0.0,0,0,0,0,0,0.0,Has joined Stoke City permanently,593,60,595,64,571,59,599,64,,,,,,,0.0,0.0,0.0,0.0,0.0,0.0,268,52,585,59,602,65,448,65,0.0,0.0
314,Chiedozie,Ogbene,Chiedozie Ogbene,Ipswich Town,MID,2026-09-28 14:56:10.205677+00:00,0,0,4.9,0.0,0,0,0,0,0,0,0,0,0,0,0,0,0,0.0,0.0,0.0,0.0,0.0,0,0.0,0.0,0.0,104,1206,0,64,-0.1,0.1,0.0,0.0,0.0,0.0,0.0,0.0,0,0,0,0,0,0.0,Has joined Lincoln City on loan until January,565,234,562,239,528,215,570,235,,,,,,,0.0,0.0,0.0,0.0,0.0,0.0,359,215,554,227,576,241,629,267,0.0,0.0
326,Lucas Estella,Perri,Lucas Estella Perri,Leeds,GKP,2026-09-28 14:56:10.205677+00:00,0,0,4.5,0.3,0,0,0,0,0,0,0,0,0,0,0,0,0,0.0,0.0,0.0,0.0,0.0,0,0.0,0.0,0.0,532,26404,0,1204,0.0,0.0,0.0,0.0,0.0,0.0,0.0,0.0,0,0,0,0,0,0.0,Has joined Torino on loan for the rest of the season,490,59,485,44,435,39,495,59,,,,,,,0.0,0.0,0.0,0.0,0.0,0.0,449,31,474,58,504,59,283,38,0.0,0.0
312,Jack,Taylor,Jack Taylor,Ipswich Town,MID,2026-09-28 14:56:10.205677+00:00,0,0,4.4,0.0,0,0,0,0,0,0,0,0,0,0,0,0,0,0.0,0.0,0.0,0.0,0.0,0,0.0,0.0,0.0,945,2634,369,253,-0.1,0.1,-0.1,0.1,0.0,0.0,0.0,0.0,0,0,0,0,0,0.0,Knee injury - Unknown return date,470,193,462,199,411,171,475,194,,,,,,,0.0,0.0,0.0,0.0,0.0,0.0,558,290,451,185,484,201,538,218,0.0,0.0
311,Wes,Burns,Wes Burns,Ipswich Town,MID,2026-09-28 14:56:10.205677+00:00,0,0,5.0,0.0,0,0,0,0,0,0,0,0,0,0,0,0,0,0.0,0.0,0.0,0.0,0.0,0,0.0,0.0,0.0,0,347,0,8,0.0,0.0,0.0,0.0,0.0,0.0,0.0,0.0,0,0,0,0,0,0.0,Has joined Leicester City permanently,586,248,586,253,561,237,592,250,,,,,,,0.0,0.0,0.0,0.0,0.0,0.0,247,153,578,243,595,253,655,289,0.0,0.0
310,Azor,Matusiwa,Azor Matusiwa,Ipswich Town,MID,2026-09-28 14:56:10.205677+00:00,0,0,4.9,0.0,0,0,0,0,0,0,0,0,0,0,0,0,0,0.0,0.0,0.0,0.0,0.0,0,0.0,0.0,0.0,125,278,14,17,-0.1,0.1,0.0,0.0,0.0,0.0,0.0,0.0,0,0,0,0,0,0.0,,566,235,563,240,529,216,571,236,,,,,,,0.0,0.0,0.0,0.0,0.0,0.0,361,217,555,228,577,242,648,283,0.0,0.0
307,Ben,Johnson,Ben Johnson,Ipswich Town,DEF,2026-09-28 14:56:10.205677+00:00,0,0,4.0,0.1,0,0,0,0,0,0,0,0,0,0,0,0,0,0.0,0.0,0.0,0.0,0.0,0,0.0,0.0,0.0,1137,6291,0,344,0.0,0.0,0.0,0.0,0.0,0.0,0.0,0.0,0,0,0,0,0,0.0,Has joined Stoke City on loan for the rest of the season,428,155,419,154,363,139,433,155,,,,,,,0.0,0.0,0.0,0.0,0.0,0.0,612,173,406,144,442,155,482,173,0.0,0.0
333,Sebastiaan,Bornauw,Sebastiaan Bornauw,Leeds,DEF,2026-09-28 14:56:10.205677+00:00,0,0,4.5,0.0,0,0,0,0,0,0,0,0,0,0,0,0,0,0.0,0.0,0.0,0.0,0.0,0,0.0,0.0,0.0,0,299,0,5,0.0,0.0,0.0,0.0,0.0,0.0,0.0,0.0,0,0,0,0,0,0.0,Has joined Hamburg SV on loan for the rest of the season,501,193,497,192,450,184,506,193,,,,,,,0.0,0.0,0.0,0.0,0.0,0.0,473,113,487,189,515,193,656,216,0.0,0.0
303,Cédric,Kipré,Cédric Kipré,Ipswich Town,DEF,2026-09-28 14:56:10.205677+00:00,0,0,3.9,0.9,0,0,0,0,0,0,0,0,0,0,0,0,0,0.0,0.0,0.0,0.0,0.0,0,0.0,0.0,0.0,48907,28930,4286,4183,-0.1,0.1,0.0,0.0,0.0,0.0,0.0,0.0,0,0,0,0,0,0.0,,407,148,395,144,339,129,411,147,,,,,,,0.0,0.0,0.0,0.0,0.0,0.0,665,215,383,135,421,148,197,75,0.0,0.0
302,David,Button,David Button,Ipswich Town,GKP,2026-09-28 14:56:10.205677+00:00,0,0,4.0,0.6,0,0,0,0,0,0,0,0,0,0,0,0,0,0.0,0.0,0.0,0.0,0.0,0,0.0,0.0,0.0,31391,15107,1381,1255,0.0,0.0,0.0,0.0,0.0,0.0,0.0,0.0,0,0,0,0,0,0.0,,413,28,401,9,345,4,417,28,,,,,,,0.0,0.0,0.0,0.0,0.0,0.0,590,52,389,26,427,28,234,34,0.0,0.0
645,Christos,Mouzakitis,Christos Mouzakitis,Hull City,MID,2026-09-28 14:56:10.205677+00:00,0,0,5.0,0.0,0,0,0,0,0,0,0,0,0,0,0,0,0,0.0,0.0,0.0,0.0,0.0,0,0.0,0.0,0.0,777,313,85,87,0.0,0.0,0.0,0.0,0.0,0.0,0.0,0.0,0,0,0,0,0,0.0,,619,267,625,272,604,259,625,269,,,,,,,0.0,0.0,0.0,0.0,0.0,0.0,333,200,613,264,628,272,619,262,0.0,0.0
296,David,Akintola,David Akintola,Hull City,MID,2026-09-28 14:56:10.205677+00:00,0,0,5.0,0.0,0,0,0,0,0,0,0,0,0,0,0,0,0,0.0,0.0,0.0,0.0,0.0,0,0.0,0.0,0.0,2704,4866,0,253,0.0,0.0,0.0,0.0,0.0,0.0,0.0,0.0,0,0,0,0,0,0.0,Has joined Omonoia FC permanently,590,251,592,256,568,241,596,253,,,,,,,0.0,0.0,0.0,0.0,0.0,0.0,261,163,582,246,599,256,562,234,0.0,0.0
632,Ilyas,Ansah,Ilyas Ansah,Hull City,FWD,2026-09-28 14:56:10.205677+00:00,0,0,5.0,0.0,0,0,0,0,0,0,0,0,0,0,0,0,0,0.0,0.0,0.0,0.0,0.0,0,0.0,0.0,0.0,5114,3479,67,399,0.0,0.0,0.0,0.0,0.0,0.0,0.0,0.0,0,0,0,0,0,0.0,Back injury - Unknown return date,618,66,624,70,602,65,624,70,,,,,,,0.0,0.0,0.0,0.0,0.0,0.0,330,60,612,65,627,71,555,74,0.0,0.0
341,Wilfried,Gnonto,Wilfried Gnonto,Leeds,MID,2026-09-28 14:56:10.205677+00:00,0,0,5.0,0.0,0,0,0,0,0,0,0,0,0,0,0,0,0,0.0,0.0,0.0,0.0,0.0,0,0.0,0.0,0.0,244,1808,0,50,0.0,0.0,0.0,0.0,0.0,0.0,0.0,0.0,0,0,0,0,0,0.0,Has joined ACF Fiorentina on loan for the rest of the season,606,259,612,264,589,250,612,261,,,,,,,0.0,0.0,0.0,0.0,0.0,0.0,303,182,600,256,615,264,625,266,0.0,0.0
342,Jack,Harrison,Jack Harrison,Leeds,MID,2026-09-28 14:56:10.205677+00:00,0,0,5.0,0.0,0,0,0,0,0,0,0,0,0,0,0,0,0,0.0,0.0,0.0,0.0,0.0,0,0.0,0.0,0.0,0,79,0,5,0.0,0.0,0.0,0.0,0.0,0.0,0.0,0.0,0,0,0,0,0,0.0,Has joined New England Revolution permanently,591,252,593,257,569,242,597,254,,,,,,,0.0,0.0,0.0,0.0,0.0,0.0,265,165,583,247,600,257,665,297,0.0,0.0
344,Ilia,Gruev,Ilia Gruev,Leeds,MID,2026-09-28 14:56:10.205677+00:00,0,0,5.0,0.0,0,0,0,0,0,0,0,0,0,0,0,0,0,0.0,0.0,0.0,0.0,0.0,0,0.0,0.0,0.0,124,313,45,18,0.0,0.0,0.0,0.0,0.0,0.0,0.0,0.0,0,0,0,0,0,0.0,,600,255,606,260,583,246,606,257,,,,,,,0.0,0.0,0.0,0.0,0.0,0.0,294,176,594,252,609,260,645,280,0.0,0.0
348,Joël,Piroe,Joël Piroe,Leeds,FWD,2026-09-28 14:56:10.205677+00:00,0,0,5.0,0.1,0,0,0,0,0,0,0,0,0,0,0,0,0,0.0,0.0,0.0,0.0,0.0,0,0.0,0.0,0.0,0,11197,0,402,0.0,0.0,0.0,0.0,0.0,0.0,0.0,0.0,0,0,0,0,0,0.0,Has joined West Ham United on loan for the rest of the season,596,61,598,65,574,60,602,65,,,,,3.0,,0.0,0.0,0.0,0.0,0.0,0.0,274,54,589,60,605,66,487,68,0.0,0.0
349,Mateo,Joseph Fernández-Regatillo,Mateo Mateo Joseph,Leeds,FWD,2026-09-28 14:56:10.205677+00:00,0,0,4.5,0.1,0,0,0,0,0,0,0,0,0,0,0,0,0,0.0,0.0,0.0,0.0,0.0,0,0.0,0.0,0.0,3085,4428,299,454,0.0,0.0,0.0,0.0,0.0,0.0,0.0,0.0,0,0,0,0,0,0.0,Knee injury - Unknown return date,523,51,519,55,477,50,528,55,,,,,,,0.0,0.0,0.0,0.0,0.0,0.0,506,72,509,50,536,56,495,69,0.0,0.0
299,Mason,Burstow,Mason Burstow,Hull City,FWD,2026-09-28 14:56:10.205677+00:00,0,0,4.5,0.0,0,0,0,0,0,0,0,0,0,0,0,0,0,0.0,0.0,0.0,0.0,0.0,0,0.0,0.0,0.0,0,3061,0,211,0.0,0.0,0.0,0.0,0.0,0.0,0.0,0.0,0,0,0,0,0,0.0,Has joined Sheffield Wednesday on loan for the rest of the season,515,48,512,53,469,47,520,52,,,,,,,0.0,0.0,0.0,0.0,0.0,0.0,497,69,501,47,529,54,537,72,0.0,0.0
298,Enis,Destan,Enis Destan,Hull City,FWD,2026-09-28 14:56:10.205677+00:00,0,0,4.5,0.2,0,0,0,0,0,0,0,0,0,0,0,0,0,0.0,0.0,0.0,0.0,0.0,0,0.0,0.0,0.0,0,22177,0,1224,0.0,0.0,0.0,0.0,0.0,0.0,0.0,0.0,0,0,0,0,0,0.0,Has joined Konyaspor permanently,509,47,506,52,463,46,514,51,,,,,,,0.0,0.0,0.0,0.0,0.0,0.0,490,68,495,46,523,53,350,55,0.0,0.0
603,Jayden,Lienou,Jayden Lienou,Leeds,DEF,2026-09-28 14:56:10.205677+00:00,0,0,4.0,0.1,0,0,0,0,0,0,0,0,0,0,0,0,0,0.0,0.0,0.0,0.0,0.0,0,0.0,0.0,0.0,6902,3964,229,497,0.0,0.0,0.0,0.0,0.0,0.0,0.0,0.0,0,0,0,0,0,0.0,,463,179,454,178,399,164,468,179,,,,,,,0.0,0.0,0.0,0.0,0.0,0.0,659,209,443,170,477,179,414,151,0.0,0.0
604,Alfie,Cresswell,Alfie Cresswell,Leeds,MID,2026-09-28 14:56:10.205677+00:00,0,0,4.5,0.1,0,0,0,0,0,0,0,0,0,0,0,0,0,0.0,0.0,0.0,0.0,0.0,0,0.0,0.0,0.0,14043,7888,287,860,0.0,0.0,0.0,0.0,0.0,0.0,0.0,0.0,0,0,0,0,0,0.0,,529,211,525,217,483,189,534,212,,,,,,,0.0,0.0,0.0,0.0,0.0,0.0,515,270,515,203,542,219,376,137,0.0,0.0
625,Alex,Cairns,Alex Cairns,Leeds,GKP,2026-09-28 14:56:10.205677+00:00,0,0,4.0,0.2,0,0,0,0,0,0,0,0,0,0,0,0,0,0.0,0.0,0.0,0.0,0.0,0,0.0,0.0,0.0,19765,5903,806,745,0.0,0.0,0.0,0.0,0.0,0.0,0.0,0.0,0,0,0,0,0,0.0,,418,32,406,13,350,8,422,32,,,,,,,0.0,0.0,0.0,0.0,0.0,0.0,595,56,394,30,432,32,328,39,0.0,0.0
629,Michael,Zetterer,Michael Zetterer,Leeds,GKP,2026-09-28 14:56:10.205677+00:00,0,0,4.0,0.7,0,0,0,0,0,0,0,0,0,0,0,0,0,0.0,0.0,0.0,0.0,0.0,0,0.0,0.0,0.0,58347,14026,2907,2651,0.0,0.0,0.0,0.0,0.0,0.0,0.0,0.0,0,0,0,0,0,0.0,,421,34,409,15,353,10,425,34,,,,,,,0.0,0.0,0.0,0.0,0.0,0.0,598,58,397,32,435,34,219,32,0.0,0.0
297,Darko,Gyabi,Darko Gyabi,Hull City,MID,2026-09-28 14:56:10.205677+00:00,0,0,4.4,0.0,0,0,0,0,0,0,0,0,0,0,0,0,0,0.0,0.0,0.0,0.0,0.0,0,0.0,0.0,0.0,442,1598,53,130,-0.1,0.1,-0.1,0.1,0.0,0.0,0.0,0.0,0,0,0,0,0,0.0,Thigh injury - Unknown return date,472,194,464,200,414,172,477,195,,,,,,,0.0,0.0,0.0,0.0,0.0,0.0,564,292,453,186,486,202,581,239,0.0,0.0
382,Jayden,Danns,Jayden Danns,Liverpool,FWD,2026-09-28 14:56:10.205677+00:00,0,0,4.5,0.2,0,0,0,0,0,0,0,0,0,0,0,0,0,0.0,0.0,0.0,0.0,0.0,0,0.0,0.0,0.0,23114,9552,3307,2273,0.0,0.0,0.0,0.0,0.0,0.0,0.0,0.0,0,0,0,0,0,0.0,,507,46,504,51,461,45,512,50,,,,,,,0.0,0.0,0.0,0.0,0.0,0.0,488,67,493,45,521,52,317,50,0.0,0.0
383,Harvey,Elliott,Harvey Elliott,Liverpool,MID,2026-09-28 14:56:10.205677+00:00,0,0,5.4,0.0,0,0,0,0,0,0,0,0,0,0,0,0,0,0.0,0.0,0.0,0.0,0.0,0,0.0,0.0,0.0,907,6135,0,215,-0.1,0.1,0.0,0.0,0.0,0.0,0.0,0.0,0,0,0,0,0,0.0,Has joined Valencia on loan for the rest of the season,631,275,634,277,621,270,636,276,,,,,,,0.0,0.0,0.0,0.0,0.0,0.0,192,120,627,273,637,277,535,217,0.0,0.0
272,Jonah,Kusi-Asare,Jonah Kusi-Asare,Fulham,FWD,2026-09-28 14:56:10.205677+00:00,0,0,4.5,5.4,0,0,0,0,0,0,0,0,0,0,0,0,0,0.0,0.0,0.0,0.0,0.0,0,0.0,0.0,0.0,159737,299689,10266,31884,0.0,0.0,0.0,0.0,0.0,0.0,0.0,0.0,0,0,0,0,0,0.0,,541,57,537,61,497,56,546,61,,,,,,,0.0,0.0,0.0,0.0,0.0,0.0,532,78,528,56,554,62,72,10,0.0,0.0
192,Kai,Andrews,Kai Andrews,Coventry City,MID,2026-09-28 14:56:10.205677+00:00,0,0,4.5,0.3,0,0,0,0,0,0,0,0,0,0,0,0,0,0.0,0.0,0.0,0.0,0.0,0,0.0,0.0,0.0,2718,40997,0,1892,0.0,0.0,0.0,0.0,0.0,0.0,0.0,0.0,0,0,0,0,0,0.0,Has joined Oxford United on loan for the rest of the season,540,217,536,223,496,195,545,218,,,,,,,0.0,0.0,0.0,0.0,0.0,0.0,531,278,527,209,553,225,299,104,0.0,0.0
215,Justin,Devenny,Justin Devenny,Crystal Palace,MID,2026-09-28 14:56:10.205677+00:00,0,0,5.0,0.0,0,0,0,0,0,0,0,0,0,0,0,0,0,0.0,0.0,0.0,0.0,0.0,0,0.0,0.0,0.0,132,947,0,33,0.0,0.0,0.0,0.0,0.0,0.0,0.0,0.0,0,0,0,0,0,0.0,Has joined Stoke City permanently,602,256,608,261,585,247,608,258,,,2.0,,3.0,,0.0,0.0,0.0,0.0,0.0,0.0,296,177,596,253,611,261,639,275,0.0,0.0
325,Karl,Darlow,Karl Darlow,Man Utd,GKP,2026-09-28 14:56:10.205677+00:00,0,0,4.5,0.0,0,0,0,0,0,0,0,0,0,0,0,0,0,0.0,0.0,0.0,0.0,0.0,0,0.0,0.0,0.0,1064,1582,57,201,0.0,0.0,0.0,0.0,0.0,0.0,0.0,0.0,0,0,0,0,0,0.0,Unspecified injury - 75% chance of playing,483,54,475,36,425,31,488,54,,,,,,,0.0,0.0,0.0,0.0,0.0,0.0,429,23,466,52,497,54,512,58,0.0,0.0
413,Altay,Bayındır,Altay Bayindir,Man Utd,GKP,2026-09-28 14:56:10.205677+00:00,0,0,4.5,0.0,0,0,0,0,0,0,0,0,0,0,0,0,0,0.0,0.0,0.0,0.0,0.0,0,0.0,0.0,0.0,0,1143,0,33,0.0,0.0,0.0,0.0,0.0,0.0,0.0,0.0,0,0,0,0,0,0.0,Has joined Celta Vigo on loan for the rest of the season,502,63,498,49,452,44,507,63,,,,,,,0.0,0.0,0.0,0.0,0.0,0.0,475,36,488,62,516,63,604,71,0.0,0.0
414,Tom,Heaton,Tom Heaton,Man Utd,GKP,2026-09-28 14:56:10.205677+00:00,0,0,4.0,0.1,0,0,0,0,0,0,0,0,0,0,0,0,0,0.0,0.0,0.0,0.0,0.0,0,0.0,0.0,0.0,2106,3539,188,252,0.0,0.0,0.0,0.0,0.0,0.0,0.0,0.0,0,0,0,0,0,0.0,Hamstring injury - Unknown return date,410,25,398,6,342,1,414,25,,,,,,,0.0,0.0,0.0,0.0,0.0,0.0,587,49,386,23,424,25,443,50,0.0,0.0
416,Matthijs,de Ligt,Matthijs De Ligt,Man Utd,DEF,2026-09-28 14:56:10.205677+00:00,0,0,5.0,0.0,0,0,0,0,0,0,0,0,0,0,0,0,0,0.0,0.0,0.0,0.0,0.0,0,0.0,0.0,0.0,446,1546,67,123,0.0,0.0,0.0,0.0,0.0,0.0,0.0,0.0,0,0,0,0,0,0.0,Back injury - Unknown return date,589,209,591,208,567,205,595,209,,,,,,,0.0,0.0,0.0,0.0,0.0,0.0,259,38,581,207,598,208,563,190,0.0,0.0
205,Borna,Sosa,Borna Sosa,Crystal Palace,DEF,2026-09-28 14:56:10.205677+00:00,0,0,4.5,0.0,0,0,0,0,0,0,0,0,0,0,0,0,0,0.0,0.0,0.0,0.0,0.0,0,0.0,0.0,0.0,236,2066,0,97,0.0,0.0,0.0,0.0,0.0,0.0,0.0,0.0,0,0,0,0,0,0.0,Has joined FC Cologne on loan for the rest of the season,492,187,487,186,438,176,497,187,,,,,,,0.0,0.0,0.0,0.0,0.0,0.0,453,98,476,181,506,187,591,200,0.0,0.0
655,Yann,Gboho,Yann Gboho,Coventry City,MID,2026-09-28 14:56:10.205677+00:00,0,0,5.5,0.0,0,0,0,0,0,0,0,0,0,0,0,0,0,0.0,0.0,0.0,0.0,0.0,0,0.0,0.0,0.0,266,100,68,51,0.0,0.0,0.0,0.0,0.0,0.0,0.0,0.0,0,0,0,0,0,0.0,,641,280,647,282,634,275,646,281,,,,,,,0.0,0.0,0.0,0.0,0.0,0.0,138,83,639,279,646,282,654,288,0.0,0.0
623,Dan,Bentley,Dan Bentley,Coventry City,GKP,2026-09-28 14:56:10.205677+00:00,0,0,4.0,0.6,0,0,0,0,0,0,0,0,0,0,0,0,0,0.0,0.0,0.0,0.0,0.0,0,0.0,0.0,0.0,78205,19086,7827,2194,0.0,0.0,0.0,0.0,0.0,0.0,0.0,0.0,0,0,0,0,0,0.0,,415,30,403,11,347,6,419,30,,,,,,,0.0,0.0,0.0,0.0,0.0,0.0,592,54,391,28,429,30,228,33,0.0,0.0
197,Norman,Bassette,Norman Bassette,Coventry City,FWD,2026-09-28 14:56:10.205677+00:00,0,0,4.5,0.0,0,0,0,0,0,0,0,0,0,0,0,0,0,0.0,0.0,0.0,0.0,0.0,0,0.0,0.0,0.0,0,2099,0,140,0.0,0.0,0.0,0.0,0.0,0.0,0.0,0.0,0,0,0,0,0,0.0,Has joined KVC Westerlo on loan for the rest of the season,518,49,515,54,472,48,523,53,,,,,,,0.0,0.0,0.0,0.0,0.0,0.0,500,70,504,48,532,55,560,75,0.0,0.0
424,Harry,Amass,Harry Amass,Man Utd,DEF,2026-09-28 14:56:10.205677+00:00,0,0,4.0,0.2,0,0,0,0,0,0,0,0,0,0,0,0,0,0.0,0.0,0.0,0.0,0.0,0,0.0,0.0,0.0,6301,8777,399,747,0.0,0.0,0.0,0.0,0.0,0.0,0.0,0.0,0,0,0,0,0,0.0,,455,172,446,171,391,157,460,172,,,,,,,0.0,0.0,0.0,0.0,0.0,0.0,650,201,435,163,469,172,333,125,0.0,0.0
425,Tyler,Fredricson,Tyler Fredricson,Man Utd,DEF,2026-09-28 14:56:10.205677+00:00,0,0,4.0,0.0,0,0,0,0,0,0,0,0,0,0,0,0,0,0.0,0.0,0.0,0.0,0.0,0,0.0,0.0,0.0,0,1314,0,46,0.0,0.0,0.0,0.0,0.0,0.0,0.0,0.0,0,0,0,0,0,0.0,Has joined Lausanne-Sport permanently,448,165,439,164,383,149,453,165,,,,,,,0.0,0.0,0.0,0.0,0.0,0.0,640,191,427,155,462,165,602,203,0.0,0.0
196,Jahnoah,Markelo,Jahnoah Markelo,Coventry City,FWD,2026-09-28 14:56:10.205677+00:00,0,0,5.0,0.0,0,0,0,0,0,0,0,0,0,0,0,0,0,0.0,0.0,0.0,0.0,0.0,0,0.0,0.0,0.0,0,1187,0,60,0.0,0.0,0.0,0.0,0.0,0.0,0.0,0.0,0,0,0,0,0,0.0,Has joined Shabab Al-Ahli Dubai permanently,616,65,622,69,599,64,622,69,,,,,,,0.0,0.0,0.0,0.0,0.0,0.0,321,59,610,64,625,70,628,78,0.0,0.0
193,Haji,Wright,Haji Wright,Coventry City,FWD,2026-09-28 14:56:10.205677+00:00,0,0,5.4,0.1,0,0,0,0,0,0,0,0,0,0,0,0,0,0.0,0.0,0.0,0.0,0.0,0,0.0,0.0,0.0,610,12444,43,518,-0.1,0.1,0.0,0.0,0.0,0.0,0.0,0.0,0,0,0,0,0,0.0,Thigh injury - Unknown return date,628,68,631,72,617,69,633,72,,,,,1.0,,0.0,0.0,0.0,0.0,0.0,0.0,171,42,621,67,634,73,466,67,0.0,0.0
191,Raphael,Borges Rodrigues,Raphael Borges Rodrigues,Coventry City,MID,2026-09-28 14:56:10.205677+00:00,0,0,4.5,0.1,0,0,0,0,0,0,0,0,0,0,0,0,0,0.0,0.0,0.0,0.0,0.0,0,0.0,0.0,0.0,1943,11480,0,656,0.0,0.0,0.0,0.0,0.0,0.0,0.0,0.0,0,0,0,0,0,0.0,Has joined Burton Albion on loan for the rest of the season,506,205,503,211,460,183,511,206,,,,,,,0.0,0.0,0.0,0.0,0.0,0.0,487,263,492,197,520,213,439,166,0.0,0.0
270,Harrison,Reed,Harrison Reed,Fulham,MID,2026-09-28 14:56:10.205677+00:00,0,0,4.4,1.1,0,0,0,0,0,0,0,0,0,0,0,0,0,0.0,0.0,0.0,0.0,0.0,0,0.0,0.0,0.0,36202,72773,2710,6548,-0.1,0.1,0.0,0.0,0.0,0.0,0.0,0.0,0,0,0,0,0,0.0,,468,192,460,198,409,170,473,193,,,,,,,0.0,0.0,0.0,0.0,0.0,0.0,550,289,449,184,482,200,168,52,0.0,0.0
189,George,Shepherd,George Shepherd,Coventry City,MID,2026-09-28 14:56:10.205677+00:00,0,0,4.4,0.3,0,0,0,0,0,0,0,0,0,0,0,0,0,0.0,0.0,0.0,0.0,0.0,0,0.0,0.0,0.0,10669,15046,3949,2175,-0.1,0.1,0.0,0.0,0.0,0.0,0.0,0.0,0,0,0,0,0,0.0,,482,200,474,206,424,178,487,201,,,,,,,0.0,0.0,0.0,0.0,0.0,0.0,578,298,465,192,496,208,302,105,0.0,0.0
431,Amad,Diallo,Amad Amad,Man Utd,MID,2026-09-28 14:56:10.205677+00:00,0,0,5.7,0.3,0,0,0,0,0,0,0,0,0,0,0,0,0,0.0,0.0,0.0,0.0,0.0,0,0.0,0.0,0.0,2158,123434,116,1713,-0.3,0.3,0.0,0.0,0.0,0.0,0.0,0.0,0,0,0,0,0,0.0,Unspecified injury - Unknown return date,646,285,652,287,642,283,651,286,4.0,,,,,,0.0,0.0,0.0,0.0,0.0,0.0,116,74,644,284,651,287,294,101,0.0,0.0
187,Josh,Eccles,Josh Eccles,Coventry City,MID,2026-09-28 14:56:10.205677+00:00,0,0,4.8,0.0,0,0,0,0,0,0,0,0,0,0,0,0,0,0.0,0.0,0.0,0.0,0.0,0,0.0,0.0,0.0,628,1463,15,87,-0.2,0.2,-0.1,0.1,0.0,0.0,0.0,0.0,0,0,0,0,0,0.0,Unspecified injury - Expected back 12 Oct,555,227,551,233,513,206,560,228,,,,,,,0.0,0.0,0.0,0.0,0.0,0.0,413,252,542,219,567,235,612,259,0.0,0.0
433,Manuel,Ugarte Ribeiro,Manuel Ugarte,Man Utd,MID,2026-09-28 14:56:10.205677+00:00,0,0,5.0,0.0,0,0,0,0,0,0,0,0,0,0,0,0,0,0.0,0.0,0.0,0.0,0.0,0,0.0,0.0,0.0,118,263,22,23,0.0,0.0,0.0,0.0,0.0,0.0,0.0,0.0,0,0,0,0,0,0.0,Knee injury - Unknown return date,595,253,597,258,573,243,601,255,,,,,,,0.0,0.0,0.0,0.0,0.0,0.0,272,167,587,248,604,258,643,278,0.0,0.0
434,Jack,Fletcher,Jack J.Fletcher,Man Utd,MID,2026-09-28 14:56:10.205677+00:00,0,0,4.9,0.0,0,0,0,0,0,0,0,0,0,0,0,0,0,0.0,0.0,0.0,0.0,0.0,0,0.0,0.0,0.0,321,704,41,56,-0.1,0.1,0.0,0.0,0.0,0.0,0.0,0.0,0,0,0,0,0,0.0,,579,243,579,249,546,226,585,245,,,,,,,0.0,0.0,0.0,0.0,0.0,0.0,391,235,572,239,590,250,605,254,0.0,0.0
436,Toby,Collyer,Toby Collyer,Man Utd,MID,2026-09-28 14:56:10.205677+00:00,0,0,5.0,0.0,0,0,0,0,0,0,0,0,0,0,0,0,0,0.0,0.0,0.0,0.0,0.0,0,0.0,0.0,0.0,150,1050,0,43,0.0,0.0,0.0,0.0,0.0,0.0,0.0,0.0,0,0,0,0,0,0.0,Has joined West Brom permanently,604,258,610,263,587,249,610,260,,,,,,,0.0,0.0,0.0,0.0,0.0,0.0,299,180,598,255,613,263,609,258,0.0,0.0
437,Bendito,Mantato,Bendito Bendito Mantato,Man Utd,MID,2026-09-28 14:56:10.205677+00:00,0,0,4.4,0.2,0,0,0,0,0,0,0,0,0,0,0,0,0,0.0,0.0,0.0,0.0,0.0,0,0.0,0.0,0.0,5036,9593,372,812,-0.1,0.1,-0.1,0.1,0.0,0.0,0.0,0.0,0,0,0,0,0,0.0,,480,198,472,204,422,176,485,199,,,,,,,0.0,0.0,0.0,0.0,0.0,0.0,575,296,462,190,494,206,356,128,0.0,0.0
324,Anis,Mehmeti,Anis Mehmeti,Ipswich Town,MID,2026-09-28 14:56:10.205677+00:00,0,0,4.8,0.0,0,0,0,0,0,0,0,0,0,0,0,0,0,0.0,0.0,0.0,0.0,0.0,0,0.0,0.0,0.0,393,2462,67,131,-0.2,0.2,-0.1,0.1,0.0,0.0,0.0,0.0,0,0,0,0,0,0.0,,553,225,549,231,511,204,558,226,,,,,,,0.0,0.0,0.0,0.0,0.0,0.0,411,250,540,217,565,233,534,216,0.0,0.0
181,Miguel,Brau,Miguel Brau,Coventry City,DEF,2026-09-28 14:56:10.205677+00:00,0,0,4.0,0.0,0,0,0,0,0,0,0,0,0,0,0,0,0,0.0,0.0,0.0,0.0,0.0,0,0.0,0.0,0.0,275,2161,0,91,0.0,0.0,0.0,0.0,0.0,0.0,0.0,0.0,0,0,0,0,0,0.0,Has joined Academico de Viseu on loan for the rest of the season,454,171,445,170,390,156,459,171,,,,,,,0.0,0.0,0.0,0.0,0.0,0.0,649,200,434,162,468,171,568,192,0.0,0.0
180,Luke,Woolfenden,Luke Woolfenden,Coventry City,DEF,2026-09-28 14:56:10.205677+00:00,0,0,4.0,0.1,0,0,0,0,0,0,0,0,0,0,0,0,0,0.0,0.0,0.0,0.0,0.0,0,0.0,0.0,0.0,2259,8994,24,485,0.0,0.0,0.0,0.0,0.0,0.0,0.0,0.0,0,0,0,0,0,0.0,Knee injury - Unknown return date,427,154,418,153,362,138,432,154,,,,,,,0.0,0.0,0.0,0.0,0.0,0.0,611,172,405,143,441,154,402,149,0.0,0.0
441,Chido,Obi,Chido Obi,Man Utd,FWD,2026-09-28 14:56:10.205677+00:00,0,0,4.5,0.9,0,0,0,0,0,0,0,0,0,0,0,0,0,0.0,0.0,0.0,0.0,0.0,0,0.0,0.0,0.0,45543,73799,0,10857,0.0,0.0,0.0,0.0,0.0,0.0,0.0,0.0,0,0,0,0,0,0.0,Has joined Willem II on loan for the rest of the season,532,54,528,58,486,53,537,58,,,,,,,0.0,0.0,0.0,0.0,0.0,0.0,518,75,518,53,545,59,187,29,0.0,0.0
442,Nick,Pope,Nick Pope,Newcastle,GKP,2026-09-28 14:56:10.205677+00:00,0,0,4.9,0.9,0,0,0,0,0,0,0,0,0,0,0,0,0,0.0,0.0,0.0,0.0,0.0,0,0.0,0.0,0.0,13315,53715,822,2992,-0.1,0.1,0.0,0.0,0.0,0.0,0.0,0.0,0,0,0,0,0,0.0,,557,67,554,55,518,53,562,67,,,,,,,0.0,0.0,0.0,0.0,0.0,0.0,339,15,546,66,569,67,185,29,0.0,0.0
443,Mark,Gillespie,Mark Gillespie,Newcastle,GKP,2026-09-28 14:56:10.205677+00:00,0,0,4.5,0.0,0,0,0,0,0,0,0,0,0,0,0,0,0,0.0,0.0,0.0,0.0,0.0,0,0.0,0.0,0.0,767,1203,42,83,0.0,0.0,0.0,0.0,0.0,0.0,0.0,0.0,0,0,0,0,0,0.0,,484,55,478,39,428,34,489,55,,,,,,,0.0,0.0,0.0,0.0,0.0,0.0,432,26,468,54,498,55,530,62,0.0,0.0
131,Carlos,Baleba,Carlos Baleba,Man Utd,MID,2026-09-28 14:56:10.205677+00:00,0,0,4.9,0.1,0,0,0,0,0,0,0,0,0,0,0,0,0,0.0,0.0,0.0,0.0,0.0,0,0.0,0.0,0.0,6621,14323,1182,682,-0.1,0.1,0.0,0.0,0.0,0.0,0.0,0.0,0,0,0,0,0,0.0,,576,240,576,246,543,223,582,242,,,,,,,0.0,0.0,0.0,0.0,0.0,0.0,388,232,569,236,587,247,384,141,0.0,0.0
216,Romain,Esse,Romain Esse,Crystal Palace,MID,2026-09-28 14:56:10.205677+00:00,0,0,5.0,0.0,0,0,0,0,0,0,0,0,0,0,0,0,0,0.0,0.0,0.0,0.0,0.0,0,0.0,0.0,0.0,399,3224,0,113,0.0,0.0,0.0,0.0,0.0,0.0,0.0,0.0,0,0,0,0,0,0.0,Has joined Millwall on loan for the rest of the season,617,266,623,271,601,258,623,268,,,,,,,0.0,0.0,0.0,0.0,0.0,0.0,325,196,611,263,626,271,587,243,0.0,0.0
653,Floyd,Samba,Floyd Samba,Man City,MID,2026-09-28 14:56:10.205677+00:00,0,0,4.5,0.0,0,0,0,0,0,0,0,0,0,0,0,0,0,0.0,0.0,0.0,0.0,0.0,0,0.0,0.0,0.0,3884,2147,235,464,0.0,0.0,0.0,0.0,0.0,0.0,0.0,0.0,0,0,0,0,0,0.0,,531,212,527,218,485,190,536,213,,,,,,,0.0,0.0,0.0,0.0,0.0,0.0,517,271,517,204,544,220,520,207,0.0,0.0
628,Allan,Andrade Elias,Allan Allan,Man City,MID,2026-09-28 14:56:10.205677+00:00,0,0,6.0,0.0,0,0,0,0,0,0,0,0,0,0,0,0,0,0.0,0.0,0.0,0.0,0.0,0,0.0,0.0,0.0,1172,677,209,156,0.0,0.0,0.0,0.0,0.0,0.0,0.0,0.0,0,0,0,0,0,0.0,,659,293,661,294,656,292,661,294,,,,,,,0.0,0.0,0.0,0.0,0.0,0.0,76,50,658,293,660,294,606,255,0.0,0.0
266,Tom,Cairney,Tom Cairney,Fulham,MID,2026-09-28 14:56:10.205677+00:00,0,0,4.9,0.0,0,0,0,0,0,0,0,0,0,0,0,0,0,0.0,0.0,0.0,0.0,0.0,0,0.0,0.0,0.0,108,331,7,20,-0.1,0.1,0.0,0.0,0.0,0.0,0.0,0.0,0,0,0,0,0,0.0,Knee injury - Expected back 10 Oct,556,228,553,234,517,209,561,229,,,,,,,0.0,0.0,0.0,0.0,0.0,0.0,338,204,545,222,568,236,649,284,0.0,0.0
256,Kenny,Tete,Kenny Tete,Fulham,DEF,2026-09-28 14:56:10.205677+00:00,0,0,4.4,0.2,27,0,0,0,0,0,0,0,1,0,0,0,-1,1.6,0.3,2.0,0.4,0.0,0,0.0,0.0,0.0,1383,10456,52,1011,-0.1,0.1,0.0,0.0,0.0,0.0,0.0,0.65,0,0,3,0,3,10.0,,388,143,379,141,317,117,390,140,,,,,,,0.0,0.0,0.0,0.0,2.17,0.0,552,138,450,174,483,182,343,129,0.0,0.0
252,Alfie,McNally,Alfie McNally,Fulham,GKP,2026-09-28 14:56:10.205677+00:00,0,0,4.0,0.1,0,0,0,0,0,0,0,0,0,0,0,0,0,0.0,0.0,0.0,0.0,0.0,0,0.0,0.0,0.0,2589,6575,0,579,0.0,0.0,0.0,0.0,0.0,0.0,0.0,0.0,0,0,0,0,0,0.0,Has joined York City on loan for the rest of the season,444,48,435,29,379,24,449,48,,,,,,,0.0,0.0,0.0,0.0,0.0,0.0,635,72,423,46,458,48,399,47,0.0,0.0
386,Marcus,Bettinelli,Marcus Bettinelli,Man City,GKP,2026-09-28 14:56:10.205677+00:00,0,0,4.5,0.0,0,0,0,0,0,0,0,0,0,0,0,0,0,0.0,0.0,0.0,0.0,0.0,0,0.0,0.0,0.0,564,1121,49,85,0.0,0.0,0.0,0.0,0.0,0.0,0.0,0.0,0,0,0,0,0,0.0,,486,56,481,41,431,36,491,56,,,,,,,0.0,0.0,0.0,0.0,0.0,0.0,437,28,470,55,500,56,551,64,0.0,0.0
251,Benjamin,Lecomte,Benjamin Lecomte,Fulham,GKP,2026-09-28 14:56:10.205677+00:00,0,0,4.0,1.1,0,0,0,0,0,0,0,0,0,0,0,0,0,0.0,0.0,0.0,0.0,0.0,0,0.0,0.0,0.0,25042,25789,2314,2354,0.0,0.0,0.0,0.0,0.0,0.0,0.0,0.0,0,0,0,0,0,0.0,,417,31,405,12,349,7,421,31,,,,,,,0.0,0.0,0.0,0.0,0.0,0.0,594,55,393,29,431,31,167,25,0.0,0.0
654,Braiden,Graham,Braiden Graham,Everton,MID,2026-09-28 14:56:10.205677+00:00,0,0,4.5,0.1,0,0,0,0,0,0,0,0,0,0,0,0,0,0.0,0.0,0.0,0.0,0.0,0,0.0,0.0,0.0,11268,5269,222,964,0.0,0.0,0.0,0.0,0.0,0.0,0.0,0.0,0,0,0,0,0,0.0,,539,216,535,222,495,194,544,217,,,,,,,0.0,0.0,0.0,0.0,0.0,0.0,530,277,526,208,552,224,413,152,0.0,0.0
235,Adam,Aznou,Adam Aznou,Everton,DEF,2026-09-28 14:56:10.205677+00:00,0,0,4.0,0.1,0,0,0,0,0,0,0,0,0,0,0,0,0,0.0,0.0,0.0,0.0,0.0,0,0.0,0.0,0.0,1728,11119,0,525,0.0,0.0,0.0,0.0,0.0,0.0,0.0,0.0,0,0,0,0,0,0.0,Has joined Malaga on loan for the rest of the season,442,160,433,159,377,144,447,160,,,,,,,0.0,0.0,0.0,0.0,0.0,0.0,633,185,421,150,456,160,428,155,0.0,0.0
392,Rayan,Aït-Nouri,Rayan Aït-Nouri,Man City,DEF,2026-09-28 14:56:10.205677+00:00,0,0,5.3,0.4,0,0,0,0,0,0,0,0,0,0,0,0,0,0.0,0.0,0.0,0.0,0.0,0,0.0,0.0,0.0,7847,61489,495,2080,-0.2,0.2,0.0,0.0,0.0,0.0,0.0,0.0,0,0,0,0,0,0.0,,623,214,629,214,609,211,629,214,,,,,,,0.0,0.0,0.0,0.0,0.0,0.0,224,31,617,212,632,213,265,98,0.0,0.0
234,Nathan,Patterson,Nathan Patterson,Everton,DEF,2026-09-28 14:56:10.205677+00:00,0,0,4.5,0.0,0,0,0,0,0,0,0,0,0,0,0,0,0,0.0,0.0,0.0,0.0,0.0,0,0.0,0.0,0.0,371,2428,0,115,0.0,0.0,0.0,0.0,0.0,0.0,0.0,0.0,0,0,0,0,0,0.0,Has joined Torino permanently,498,191,494,190,445,180,503,191,,,,,,,0.0,0.0,0.0,0.0,0.0,0.0,466,107,483,186,512,191,593,201,0.0,0.0
394,Max,Alleyne,Max Alleyne,Man City,DEF,2026-09-28 14:56:10.205677+00:00,0,0,5.0,0.0,0,0,0,0,0,0,0,0,0,0,0,0,0,0.0,0.0,0.0,0.0,0.0,0,0.0,0.0,0.0,0,616,0,18,0.0,0.0,0.0,0.0,0.0,0.0,0.0,0.0,0,0,0,0,0,0.0,Has joined Burnley on loan for the rest of the season,607,213,613,213,590,210,613,213,,,,,,,0.0,0.0,0.0,0.0,0.0,0.0,304,53,601,211,616,212,641,214,0.0,0.0
231,Michael,Keane,Michael Keane,Everton,DEF,2026-09-28 14:56:10.205677+00:00,0,0,4.8,0.7,0,0,0,0,0,0,0,0,0,0,0,0,0,0.0,0.0,0.0,0.0,0.0,0,0.0,0.0,0.0,9273,90465,368,3666,-0.2,0.2,0.0,0.0,0.0,0.0,0.0,0.0,0,0,0,0,0,0.0,,551,203,548,202,509,197,556,203,,,,,,,0.0,0.0,0.0,0.0,0.0,0.0,407,74,538,200,564,203,207,80,0.0,0.0
228,Tom,King,Tom King,Everton,GKP,2026-09-28 14:56:10.205677+00:00,0,0,4.5,0.0,0,0,0,0,0,0,0,0,0,0,0,0,0,0.0,0.0,0.0,0.0,0.0,0,0.0,0.0,0.0,1178,1731,111,164,0.0,0.0,0.0,0.0,0.0,0.0,0.0,0.0,0,0,0,0,0,0.0,,487,57,482,42,432,37,492,57,,,,,,,0.0,0.0,0.0,0.0,0.0,0.0,438,29,471,56,501,57,504,57,0.0,0.0
227,Mark,Travers,Mark Travers,Everton,GKP,2026-09-28 14:56:10.205677+00:00,0,0,5.0,0.0,0,0,0,0,0,0,0,0,0,0,0,0,0,0.0,0.0,0.0,0.0,0.0,0,0.0,0.0,0.0,1791,2111,233,249,0.0,0.0,0.0,0.0,0.0,0.0,0.0,0.0,0,0,0,0,0,0.0,,594,72,596,66,572,65,600,72,,,,,,,0.0,0.0,0.0,0.0,0.0,0.0,270,10,586,72,603,72,513,59,0.0,0.0
21,Christian,Nørgaard,Christian Nørgaard,Everton,MID,2026-09-28 14:56:10.205677+00:00,0,0,4.9,0.0,0,0,0,0,0,0,0,0,0,0,0,0,0,0.0,0.0,0.0,0.0,0.0,0,0.0,0.0,0.0,488,7398,48,296,-0.1,0.1,0.0,0.0,0.0,0.0,0.0,0.0,0,0,0,0,0,0.0,Groin injury - Unknown return date,559,229,556,235,521,210,564,230,,,,,,,0.0,0.0,0.0,0.0,0.0,0.0,342,205,548,223,571,237,507,201,0.0,0.0
555,Remi,Matthews,Remi Matthews,Crystal Palace,GKP,2026-09-28 14:56:10.205677+00:00,0,0,4.0,1.7,0,0,0,0,0,0,0,0,0,0,0,0,0,0.0,0.0,0.0,0.0,0.0,0,0.0,0.0,0.0,23208,31351,1024,2911,0.0,0.0,0.0,0.0,0.0,0.0,0.0,0.0,0,0,0,0,0,0.0,,424,37,414,18,358,13,429,37,,,,,,,0.0,0.0,0.0,0.0,0.0,0.0,603,61,402,35,438,37,138,20,0.0,0.0
402,Rodrigo 'Rodri',Hernandez Cascante,Rodrigo 'Rodri' Rodrigo,Man City,MID,2026-09-28 14:56:10.205677+00:00,0,0,6.5,0.0,0,0,0,0,0,0,0,0,0,0,0,0,0,0.0,0.0,0.0,0.0,0.0,0,0.0,0.0,0.0,0,1226,0,22,0.0,0.0,0.0,0.0,0.0,0.0,0.0,0.0,0,0,0,0,0,0.0,Has joined Barcelona permanently,662,296,663,296,661,296,663,296,,,,,,,0.0,0.0,0.0,0.0,0.0,0.0,36,24,661,295,662,296,608,257,0.0,0.0
404,Tijjani,Reijnders,Tijjani Reijnders,Man City,MID,2026-09-28 14:56:10.205677+00:00,0,0,6.0,0.0,0,0,0,0,0,0,0,0,0,0,0,0,0,0.0,0.0,0.0,0.0,0.0,0,0.0,0.0,0.0,0,8177,0,92,0.0,0.0,0.0,0.0,0.0,0.0,0.0,0.0,0,0,0,0,0,0.0,Has joined Al Qadsiah permanently,657,292,660,293,654,291,660,293,,,,,,,0.0,0.0,0.0,0.0,0.0,0.0,70,48,657,292,659,293,528,211,0.0,0.0
225,Christantus,Uche,Christantus Uche,Crystal Palace,FWD,2026-09-28 14:56:10.205677+00:00,0,0,5.0,0.0,0,0,0,0,0,0,0,0,0,0,0,0,0,0.0,0.0,0.0,0.0,0.0,0,0.0,0.0,0.0,0,0,0,0,0.0,0.0,0.0,0.0,0.0,0.0,0.0,0.0,0,0,0,0,0,0.0,has returned to Getafe CF,620,67,626,71,605,67,626,71,,,,,,,0.0,0.0,0.0,0.0,0.0,0.0,335,63,614,66,629,72,667,79,0.0,0.0
407,Claudio,Echeverri,Claudio Echeverri,Man City,MID,2026-09-28 14:56:10.205677+00:00,0,0,4.9,0.0,0,0,0,0,0,0,0,0,0,0,0,0,0,0.0,0.0,0.0,0.0,0.0,0,0.0,0.0,0.0,250,1340,0,51,-0.1,0.1,0.0,0.0,0.0,0.0,0.0,0.0,0,0,0,0,0,0.0,Has joined Benfica on loan for the rest of the season,582,246,581,251,550,230,588,248,,,,,,,0.0,0.0,0.0,0.0,0.0,0.0,396,240,573,240,591,251,616,261,0.0,0.0
408,Kalvin,Phillips,Kalvin Phillips,Man City,MID,2026-09-28 14:56:10.205677+00:00,0,0,5.0,0.0,0,0,0,0,0,0,0,0,0,0,0,0,0,0.0,0.0,0.0,0.0,0.0,0,0.0,0.0,0.0,0,570,0,11,0.0,0.0,0.0,0.0,0.0,0.0,0.0,0.0,0,0,0,0,0,0.0,Has joined Sheffield United on loan for the rest of the season,587,249,587,254,562,238,593,251,,,,,,,0.0,0.0,0.0,0.0,0.0,0.0,248,154,579,244,596,254,640,276,0.0,0.0
409,Divine,Mukasa,Divine Mukasa,Man City,MID,2026-09-28 14:56:10.205677+00:00,0,0,4.5,0.1,0,0,0,0,0,0,0,0,0,0,0,0,0,0.0,0.0,0.0,0.0,0.0,0,0.0,0.0,0.0,1621,12132,0,565,0.0,0.0,0.0,0.0,0.0,0.0,0.0,0.0,0,0,0,0,0,0.0,has joined West Ham on loan for the rest of the seaon.,528,210,524,216,482,188,533,211,,,,,,,0.0,0.0,0.0,0.0,0.0,0.0,514,269,514,202,541,218,436,164,0.0,0.0
410,Jeremy,Monga,Jeremy Monga,Man City,MID,2026-09-28 14:56:10.205677+00:00,0,0,4.9,0.0,0,0,0,0,0,0,0,0,0,0,0,0,0,0.0,0.0,0.0,0.0,0.0,0,0.0,0.0,0.0,219,1268,0,48,-0.1,0.1,0.0,0.0,0.0,0.0,0.0,0.0,0,0,0,0,0,0.0,Has joined Swansea City on loan for the rest of the season,584,247,583,252,557,236,590,249,,,,,,,0.0,0.0,0.0,0.0,0.0,0.0,404,247,576,242,593,252,622,265,0.0,0.0
221,Joél,Drakes-Thomas,Joél Drakes-Thomas,Crystal Palace,MID,2026-09-28 14:56:10.205677+00:00,0,0,4.5,0.1,0,0,0,0,0,0,0,0,0,0,0,0,0,0.0,0.0,0.0,0.0,0.0,0,0.0,0.0,0.0,2681,4652,133,407,0.0,0.0,0.0,0.0,0.0,0.0,0.0,0.0,0,0,0,0,0,0.0,,548,223,544,229,505,202,553,224,,,,,,,0.0,0.0,0.0,0.0,0.0,0.0,541,285,535,215,561,231,460,180,0.0,0.0
220,Rio,Cardines,Rio Cardines,Crystal Palace,DEF,2026-09-28 14:56:10.205677+00:00,0,0,4.5,0.0,0,0,0,0,0,0,0,0,0,0,0,0,0,0.0,0.0,0.0,0.0,0.0,0,0.0,0.0,0.0,0,128,0,3,0.0,0.0,0.0,0.0,0.0,0.0,0.0,0.0,0,0,0,0,0,0.0,Has joined Bristol City on loan for the rest of the season,527,200,523,199,481,192,532,200,,,,,,,0.0,0.0,0.0,0.0,0.0,0.0,513,129,513,196,540,200,662,217,0.0,0.0
587,Gerónimo,Rulli,Gerónimo Rulli,Man City,GKP,2026-09-28 14:56:10.205677+00:00,0,0,5.0,0.0,0,0,0,0,0,0,0,0,0,0,0,0,0,0.0,0.0,0.0,0.0,0.0,0,0.0,0.0,0.0,599,1112,67,101,0.0,0.0,0.0,0.0,0.0,0.0,0.0,0.0,0,0,0,0,0,0.0,,585,71,585,63,560,62,591,71,,,,,,,0.0,0.0,0.0,0.0,0.0,0.0,243,7,577,71,594,71,569,66,0.0,0.0
219,Jesurun,Rak-Sakyi,Jesurun J.Rak-Sakyi,Crystal Palace,MID,2026-09-28 14:56:10.205677+00:00,0,0,4.9,0.0,0,0,0,0,0,0,0,0,0,0,0,0,0,0.0,0.0,0.0,0.0,0.0,0,0.0,0.0,0.0,145,465,0,23,-0.1,0.1,0.0,0.0,0.0,0.0,0.0,0.0,0,0,0,0,0,0.0,has joined  Kasimpasa on loan for the rest of the seaon.,572,237,570,243,536,219,578,239,,,,,,,0.0,0.0,0.0,0.0,0.0,0.0,371,222,562,231,583,244,646,281,0.0,0.0
218,Cheick,Doucouré,Cheick Doucouré,Crystal Palace,MID,2026-09-28 14:56:10.205677+00:00,0,0,4.8,0.0,0,0,0,0,0,0,0,0,0,0,0,0,0,0.0,0.0,0.0,0.0,0.0,0,0.0,0.0,0.0,2080,4449,106,284,-0.2,0.2,-0.1,0.1,0.0,0.0,0.0,0.0,0,0,0,0,0,0.0,,554,226,550,232,512,205,559,227,,,,,,,0.0,0.0,0.0,0.0,0.0,0.0,412,251,541,218,566,234,500,196,0.0,0.0
217,Matheus,França de Oliveira,Matheus M.França,Crystal Palace,MID,2026-09-28 14:56:10.205677+00:00,0,0,4.9,0.0,0,0,0,0,0,0,0,0,0,0,0,0,0,0.0,0.0,0.0,0.0,0.0,0,0.0,0.0,0.0,1007,3431,0,149,-0.1,0.1,0.0,0.0,0.0,0.0,0.0,0.0,0,0,0,0,0,0.0,Has joined Alverca on loan for the rest of the season,578,242,578,248,545,225,584,244,,,,,,,0.0,0.0,0.0,0.0,0.0,0.0,390,234,571,238,589,249,607,256,0.0,0.0
651,Juan,Angulo,Juan J.Angulo,Sunderland,FWD,2026-09-28 14:56:10.205677+00:00,0,0,4.5,0.7,0,0,0,0,0,0,0,0,0,0,0,0,0,0.0,0.0,0.0,0.0,0.0,0,0.0,0.0,0.0,90270,30034,8402,7019,0.0,0.0,0.0,0.0,0.0,0.0,0.0,0.0,0,0,0,0,0,0.0,,545,58,541,62,502,57,550,62,,,,,,,0.0,0.0,0.0,0.0,0.0,0.0,538,79,532,57,558,63,209,34,0.0,0.0
612,Dayann,Méthalie,Dayann Methalie,Sunderland,DEF,2026-09-28 14:56:10.205677+00:00,-1,-1,4.5,0.0,90,0,0,0,5,0,0,0,1,0,0,0,-8,8.0,2.0,2.0,1.2,-0.2,0,0.0,-0.2,-1.0,895,490,106,64,0.0,0.0,0.0,0.0,0.01,0.03,0.04,2.82,1,1,2,4,3,3.0,,339,125,333,119,322,122,372,132,,,,,,,0.03,0.0,0.01,0.04,2.82,5.0,534,134,666,217,667,217,614,207,1.0,0.0
